file_name,path,status,n_preview_cols,columns,likely_key_columns,likely_relevant_columns
6020_21.xlsx,C:\Users\LinDengdeng\Desktop\ai project\6020_21.xlsx,ok,18,GVKEY | datadate | fyearq | fqtr | indfmt | consol | popsrc | datafmt | tic | curcdq | datacqtr | datafqtr | atq | cshoq | niq | costat | prccq | sic,GVKEY | datadate | tic,GVKEY | datadate | fyearq | datafmt | tic | datacqtr | datafqtr | atq | niq | costat
ai_full_document_firm_year_audit_test100_v2.csv,C:\Users\LinDengdeng\Desktop\ai project\ai_full_document_firm_year_audit_test100_v2.csv,ok,10,n_filing_rows | n_valid_filing_rows | n_firm_year_rows | n_api_ok | n_api_error | n_missing_firm_year_ai_score | n_10K_only_firm_years | n_all_available_no_10K_firm_years | mean_AI_full_document_index_0_100_v2 | median_AI_full_document_index_0_100_v2,,n_firm_year_rows | n_missing_firm_year_ai_score | n_10K_only_firm_years | n_all_available_no_10K_firm_years
ai_full_document_firm_year_audit_v3_fixed.csv,C:\Users\LinDengdeng\Desktop\ai project\ai_full_document_firm_year_audit_v3_fixed.csv,ok,13,n_filing_rows_original | n_filing_rows_in_year_window | n_api_ok_in_year_window | n_api_error_in_year_window | n_firm_year_rows | n_missing_firm_year_ai_score | n_10K_ok_only_firm_years | n_fallback_all_ok_no_10K_ok_firm_years | n_all_failed_firm_years | mean_AI_full_document_index_0_100_v3 | median_AI_full_document_index_0_100_v3 | year_min | year_max,,n_filing_rows_in_year_window | n_api_ok_in_year_window | n_api_error_in_year_window | n_firm_year_rows | n_missing_firm_year_ai_score | n_10K_ok_only_firm_years | n_fallback_all_ok_no_10K_ok_firm_years | n_all_failed_firm_years | year_min | year_max
ai_full_document_firm_year_audit_v3_fulltext.csv,C:\Users\LinDengdeng\Desktop\ai project\ai_full_document_firm_year_audit_v3_fulltext.csv,ok,10,n_filing_rows | n_valid_filing_rows | n_firm_year_rows | n_api_ok | n_api_error | n_missing_firm_year_ai_score | n_10K_only_firm_years | n_all_available_no_10K_firm_years | mean_AI_full_document_index_0_100_v2 | median_AI_full_document_index_0_100_v2,,n_firm_year_rows | n_missing_firm_year_ai_score | n_10K_only_firm_years | n_all_available_no_10K_firm_years
ai_full_document_firm_year_test100_v2.csv,C:\Users\LinDengdeng\Desktop\ai project\ai_full_document_firm_year_test100_v2.csv,ok,22,cik | fiscal_year | aggregation_rule | n_filings_scored_all | n_filings_used | n_api_ok_all | n_api_ok_used | n_10k_all | n_10q_all | mean_digital_relevance_used | mean_confidence_used | mean_full_document_char_len_used | mean_text_char_len_sent_to_poe_used | n_capped_used | AI_full_investment_type | AI_full_strategic_importance | AI_full_implementation_stage | AI_full_time_horizon | AI_full_digital_relevance | AI_full_confidence | AI_full_document_score_v2 | AI_full_document_index_0_100_v2,cik,cik | fiscal_year | aggregation_rule | AI_full_strategic_importance | AI_full_implementation_stage
ai_full_document_firm_year_v3_fixed.csv,C:\Users\LinDengdeng\Desktop\ai project\ai_full_document_firm_year_v3_fixed.csv,ok,25,cik | fiscal_year | aggregation_rule | n_filings_scored_all | n_filings_used | n_api_ok_all | n_api_error_all | n_10k_all | n_10k_ok | n_10q_all | n_10q_ok | has_10k_any | has_10k_ok | mean_digital_relevance_used | mean_confidence_used | mean_full_document_char_len_used | mean_text_char_len_sent_to_poe_used | AI_full_investment_type | AI_full_strategic_importance | AI_full_implementation_stage | AI_full_time_horizon | AI_full_digital_relevance | AI_full_confidence | AI_full_document_score_v3 | AI_full_document_index_0_100_v3,cik,cik | fiscal_year | aggregation_rule | AI_full_strategic_importance | AI_full_implementation_stage
ai_full_document_firm_year_v3_fulltext.csv,C:\Users\LinDengdeng\Desktop\ai project\ai_full_document_firm_year_v3_fulltext.csv,ok,22,cik | fiscal_year | aggregation_rule | n_filings_scored_all | n_filings_used | n_api_ok_all | n_api_ok_used | n_10k_all | n_10q_all | mean_digital_relevance_used | mean_confidence_used | mean_full_document_char_len_used | mean_text_char_len_sent_to_poe_used | n_capped_used | AI_full_investment_type | AI_full_strategic_importance | AI_full_implementation_stage | AI_full_time_horizon | AI_full_digital_relevance | AI_full_confidence | AI_full_document_score_v2 | AI_full_document_index_0_100_v2,cik,cik | fiscal_year | aggregation_rule | AI_full_strategic_importance | AI_full_implementation_stage
ai_semantic_firm_year_audit_test100_v1_1.csv,C:\Users\LinDengdeng\Desktop\ai project\ai_semantic_firm_year_audit_test100_v1_1.csv,ok,10,n_filing_rows | n_valid_filing_rows | n_firm_year_rows | n_api_ok | n_api_error | n_missing_firm_year_ai_score | n_10K_only_firm_years | n_all_available_no_10K_firm_years | mean_AI_semantic_index_0_100 | median_AI_semantic_index_0_100,,n_firm_year_rows | n_missing_firm_year_ai_score | n_10K_only_firm_years | n_all_available_no_10K_firm_years | mean_AI_semantic_index_0_100 | median_AI_semantic_index_0_100
ai_semantic_firm_year_audit_test100_v1_2.csv,C:\Users\LinDengdeng\Desktop\ai project\ai_semantic_firm_year_audit_test100_v1_2.csv,ok,10,n_filing_rows | n_valid_filing_rows | n_firm_year_rows | n_api_ok | n_api_error | n_missing_firm_year_ai_score | n_10K_only_firm_years | n_all_available_no_10K_firm_years | mean_AI_semantic_index_0_100 | median_AI_semantic_index_0_100,,n_firm_year_rows | n_missing_firm_year_ai_score | n_10K_only_firm_years | n_all_available_no_10K_firm_years | mean_AI_semantic_index_0_100 | median_AI_semantic_index_0_100
ai_semantic_firm_year_audit_test20.csv,C:\Users\LinDengdeng\Desktop\ai project\ai_semantic_firm_year_audit_test20.csv,ok,7,n_filing_rows | n_firm_year_rows | n_api_ok | n_api_error | n_missing_firm_year_ai_score | mean_AI_semantic_index_0_100 | median_AI_semantic_index_0_100,,n_firm_year_rows | n_missing_firm_year_ai_score | mean_AI_semantic_index_0_100 | median_AI_semantic_index_0_100
ai_semantic_firm_year_audit_test20_v1_1.csv,C:\Users\LinDengdeng\Desktop\ai project\ai_semantic_firm_year_audit_test20_v1_1.csv,ok,10,n_filing_rows | n_valid_filing_rows | n_firm_year_rows | n_api_ok | n_api_error | n_missing_firm_year_ai_score | n_10K_only_firm_years | n_all_available_no_10K_firm_years | mean_AI_semantic_index_0_100 | median_AI_semantic_index_0_100,,n_firm_year_rows | n_missing_firm_year_ai_score | n_10K_only_firm_years | n_all_available_no_10K_firm_years | mean_AI_semantic_index_0_100 | median_AI_semantic_index_0_100
ai_semantic_firm_year_audit_test20_v1_2.csv,C:\Users\LinDengdeng\Desktop\ai project\ai_semantic_firm_year_audit_test20_v1_2.csv,ok,10,n_filing_rows | n_valid_filing_rows | n_firm_year_rows | n_api_ok | n_api_error | n_missing_firm_year_ai_score | n_10K_only_firm_years | n_all_available_no_10K_firm_years | mean_AI_semantic_index_0_100 | median_AI_semantic_index_0_100,,n_firm_year_rows | n_missing_firm_year_ai_score | n_10K_only_firm_years | n_all_available_no_10K_firm_years | mean_AI_semantic_index_0_100 | median_AI_semantic_index_0_100
ai_semantic_firm_year_audit_test20_v1_2_fixed.csv,C:\Users\LinDengdeng\Desktop\ai project\ai_semantic_firm_year_audit_test20_v1_2_fixed.csv,ok,10,n_filing_rows | n_valid_filing_rows | n_firm_year_rows | n_api_ok | n_api_error | n_missing_firm_year_ai_score | n_10K_only_firm_years | n_all_available_no_10K_firm_years | mean_AI_semantic_index_0_100 | median_AI_semantic_index_0_100,,n_firm_year_rows | n_missing_firm_year_ai_score | n_10K_only_firm_years | n_all_available_no_10K_firm_years | mean_AI_semantic_index_0_100 | median_AI_semantic_index_0_100
ai_semantic_firm_year_test100_v1_1.csv,C:\Users\LinDengdeng\Desktop\ai project\ai_semantic_firm_year_test100_v1_1.csv,ok,20,cik | fiscal_year | aggregation_rule | n_filings_scored_all | n_filings_used | n_api_ok_all | n_api_ok_used | n_10k_all | n_10q_all | total_evidence_char_len_used | mean_digital_relevance_used | mean_confidence_used | AI_investment_type | AI_strategic_importance | AI_implementation_stage | AI_time_horizon | AI_digital_relevance | AI_confidence | AI_semantic_score | AI_semantic_index_0_100,cik,cik | fiscal_year | aggregation_rule | AI_strategic_importance | AI_implementation_stage | AI_semantic_score | AI_semantic_index_0_100
ai_semantic_firm_year_test100_v1_2.csv,C:\Users\LinDengdeng\Desktop\ai project\ai_semantic_firm_year_test100_v1_2.csv,ok,20,cik | fiscal_year | aggregation_rule | n_filings_scored_all | n_filings_used | n_api_ok_all | n_api_ok_used | n_10k_all | n_10q_all | total_evidence_char_len_used | mean_digital_relevance_used | mean_confidence_used | AI_investment_type | AI_strategic_importance | AI_implementation_stage | AI_time_horizon | AI_digital_relevance | AI_confidence | AI_semantic_score | AI_semantic_index_0_100,cik,cik | fiscal_year | aggregation_rule | AI_strategic_importance | AI_implementation_stage | AI_semantic_score | AI_semantic_index_0_100
ai_semantic_firm_year_test20.csv,C:\Users\LinDengdeng\Desktop\ai project\ai_semantic_firm_year_test20.csv,ok,18,cik | fiscal_year | n_filings_scored | n_api_ok | n_10k | n_10q | total_evidence_char_len | mean_digital_relevance | mean_confidence | sum_final_weight | AI_investment_type | AI_strategic_importance | AI_implementation_stage | AI_time_horizon | AI_digital_relevance | AI_confidence | AI_semantic_score | AI_semantic_index_0_100,cik,cik | fiscal_year | AI_strategic_importance | AI_implementation_stage | AI_semantic_score | AI_semantic_index_0_100
ai_semantic_firm_year_test20_v1_1.csv,C:\Users\LinDengdeng\Desktop\ai project\ai_semantic_firm_year_test20_v1_1.csv,ok,20,cik | fiscal_year | aggregation_rule | n_filings_scored_all | n_filings_used | n_api_ok_all | n_api_ok_used | n_10k_all | n_10q_all | total_evidence_char_len_used | mean_digital_relevance_used | mean_confidence_used | AI_investment_type | AI_strategic_importance | AI_implementation_stage | AI_time_horizon | AI_digital_relevance | AI_confidence | AI_semantic_score | AI_semantic_index_0_100,cik,cik | fiscal_year | aggregation_rule | AI_strategic_importance | AI_implementation_stage | AI_semantic_score | AI_semantic_index_0_100
ai_semantic_firm_year_test20_v1_2.csv,C:\Users\LinDengdeng\Desktop\ai project\ai_semantic_firm_year_test20_v1_2.csv,ok,20,cik | fiscal_year | aggregation_rule | n_filings_scored_all | n_filings_used | n_api_ok_all | n_api_ok_used | n_10k_all | n_10q_all | total_evidence_char_len_used | mean_digital_relevance_used | mean_confidence_used | AI_investment_type | AI_strategic_importance | AI_implementation_stage | AI_time_horizon | AI_digital_relevance | AI_confidence | AI_semantic_score | AI_semantic_index_0_100,cik,cik | fiscal_year | aggregation_rule | AI_strategic_importance | AI_implementation_stage | AI_semantic_score | AI_semantic_index_0_100
ai_semantic_firm_year_test20_v1_2_fixed.csv,C:\Users\LinDengdeng\Desktop\ai project\ai_semantic_firm_year_test20_v1_2_fixed.csv,ok,20,cik | fiscal_year | aggregation_rule | n_filings_scored_all | n_filings_used | n_api_ok_all | n_api_ok_used | n_10k_all | n_10q_all | total_evidence_char_len_used | mean_digital_relevance_used | mean_confidence_used | AI_investment_type | AI_strategic_importance | AI_implementation_stage | AI_time_horizon | AI_digital_relevance | AI_confidence | AI_semantic_score | AI_semantic_index_0_100,cik,cik | fiscal_year | aggregation_rule | AI_strategic_importance | AI_implementation_stage | AI_semantic_score | AI_semantic_index_0_100
analysis_ready_traditional_ai_v1.csv,C:\Users\LinDengdeng\Desktop\ai project\analysis_ready_traditional_ai_v1.csv,ok,119,GVKEY | YEAR | CIK | tic | n_filings | accessions | total_words_v3 | deployment_count_v3 | capability_count_v3 | risk_count_v3 | mean_filing_v2_score | forms | raw_forms | deployment_density_v3 | capability_density_v3 | risk_density_v3 | n_unique_keywords_total_v3 | n_keyword_records_v3 | total_keyword_hits_check_v3 | n_unique_capability_keywords_v3 | n_unique_deployment_keywords_v3 | n_unique_risk_keywords_v3 | capability_hits_check_v3 | deployment_hits_check_v3 | risk_hits_check_v3 | capability_tfidf_v3 | deployment_tfidf_v3 | risk_tfidf_v3 | deployment_density_v3_winsor | capability_density_v3_winsor | risk_density_v3_winsor | deployment_tfidf_v3_winsor | capability_tfidf_v3_winsor | risk_tfidf_v3_winsor | z_deployment_density_v3 | z_capability_density_v3 | z_risk_density_v3 | z_deployment_tfidf_v3 | z_capability_tfidf_v3 | z_risk_tfidf_v3 | traditional_core_score_v3 | traditional_risk_adjusted_score_v3 | traditional_deployment_only_score_v3 | digital_risk_disclosure_score_v3 | traditional_tfidf_core_score_v3 | traditional_tfidf_risk_adjusted_score_v3 | traditional_core_index_0_100_v3 | traditional_risk_adjusted_index_0_100_v3 | traditional_deployment_only_index_0_100_v3 | traditional_tfidf_core_index_0_100_v3 | traditional_tfidf_risk_adjusted_index_0_100_v3 | has_text_v3_1 | main_analysis_sample_v3_1 | full_four_filing_year_v3_1 | partial_filing_year_v3_1 | no_text_firm_year_v3_1 | deployment_density_v3_winsor_v3_1 | capability_density_v3_winsor_v3_1 | risk_density_v3_winsor_v3_1 | deployment_tfidf_v3_winsor_v3_1 | capability_tfidf_v3_winsor_v3_1 | risk_tfidf_v3_winsor_v3_1 | z_deployment_density_v3_1 | z_capability_density_v3_1 | z_risk_density_v3_1 | z_deployment_tfidf_v3_1 | z_capability_tfidf_v3_1 | z_risk_tfidf_v3_1 | traditional_core_score_v3_1 | traditional_risk_adjusted_score_v3_1 | traditional_deployment_only_score_v3_1 | digital_risk_disclosure_score_v3_1 | traditional_tfidf_core_score_v3_1 | traditional_tfidf_risk_adjusted_score_v3_1 | traditional_core_index_0_100_v3_1 | traditional_risk_adjusted_index_0_100_v3_1 | traditional_deployment_only_index_0_100_v3_1 | traditional_tfidf_core_index_0_100_v3_1 | traditional_tfidf_risk_adjusted_index_0_100_v3_1 | Traditional_score,GVKEY | YEAR | CIK | tic,GVKEY | YEAR | CIK | tic | n_unique_keywords_total_v3 | n_unique_capability_keywords_v3 | n_unique_deployment_keywords_v3 | n_unique_risk_keywords_v3 | full_four_filing_year_v3_1 | partial_filing_year_v3_1 | no_text_firm_year_v3_1 | CIK_clean | YEAR_num | aggregation_rule | AI_full_strategic_importance | AI_full_implementation_stage | ai_merge_status | YEAR_final
analysis_ready_traditional_ai_v1_audit.csv,C:\Users\LinDengdeng\Desktop\ai project\analysis_ready_traditional_ai_v1_audit.csv,ok,14,traditional_rows | ai_rows | merged_rows | traditional_unique_cik_year | ai_unique_cik_year | matched_ai_rows | missing_ai_rows | ai_coverage_rate | both_traditional_and_ai_rows | mean_traditional_index | median_traditional_index | mean_ai_full_document_index | median_ai_full_document_index | corr_traditional_ai,,traditional_unique_cik_year | ai_unique_cik_year | matched_ai_rows | ai_coverage_rate
analysis_ready_traditional_ai_v1_audit_by_year.csv,C:\Users\LinDengdeng\Desktop\ai project\analysis_ready_traditional_ai_v1_audit_by_year.csv,ok,8,YEAR_num | n_rows | n_ai_matched | ai_coverage_rate | traditional_mean | ai_mean | traditional_median | ai_median,,YEAR_num | n_ai_matched | ai_coverage_rate
analysis_ready_traditional_index_v3_1.csv,C:\Users\LinDengdeng\Desktop\ai project\analysis_ready_traditional_index_v3_1.csv,ok,85,GVKEY | YEAR | CIK | tic | n_filings | accessions | total_words_v3 | deployment_count_v3 | capability_count_v3 | risk_count_v3 | mean_filing_v2_score | forms | raw_forms | deployment_density_v3 | capability_density_v3 | risk_density_v3 | n_unique_keywords_total_v3 | n_keyword_records_v3 | total_keyword_hits_check_v3 | n_unique_capability_keywords_v3 | n_unique_deployment_keywords_v3 | n_unique_risk_keywords_v3 | capability_hits_check_v3 | deployment_hits_check_v3 | risk_hits_check_v3 | capability_tfidf_v3 | deployment_tfidf_v3 | risk_tfidf_v3 | deployment_density_v3_winsor | capability_density_v3_winsor | risk_density_v3_winsor | deployment_tfidf_v3_winsor | capability_tfidf_v3_winsor | risk_tfidf_v3_winsor | z_deployment_density_v3 | z_capability_density_v3 | z_risk_density_v3 | z_deployment_tfidf_v3 | z_capability_tfidf_v3 | z_risk_tfidf_v3 | traditional_core_score_v3 | traditional_risk_adjusted_score_v3 | traditional_deployment_only_score_v3 | digital_risk_disclosure_score_v3 | traditional_tfidf_core_score_v3 | traditional_tfidf_risk_adjusted_score_v3 | traditional_core_index_0_100_v3 | traditional_risk_adjusted_index_0_100_v3 | traditional_deployment_only_index_0_100_v3 | traditional_tfidf_core_index_0_100_v3 | traditional_tfidf_risk_adjusted_index_0_100_v3 | has_text_v3_1 | main_analysis_sample_v3_1 | full_four_filing_year_v3_1 | partial_filing_year_v3_1 | no_text_firm_year_v3_1 | deployment_density_v3_winsor_v3_1 | capability_density_v3_winsor_v3_1 | risk_density_v3_winsor_v3_1 | deployment_tfidf_v3_winsor_v3_1 | capability_tfidf_v3_winsor_v3_1 | risk_tfidf_v3_winsor_v3_1 | z_deployment_density_v3_1 | z_capability_density_v3_1 | z_risk_density_v3_1 | z_deployment_tfidf_v3_1 | z_capability_tfidf_v3_1 | z_risk_tfidf_v3_1 | traditional_core_score_v3_1 | traditional_risk_adjusted_score_v3_1 | traditional_deployment_only_score_v3_1 | digital_risk_disclosure_score_v3_1 | traditional_tfidf_core_score_v3_1 | traditional_tfidf_risk_adjusted_score_v3_1 | traditional_core_index_0_100_v3_1 | traditional_risk_adjusted_index_0_100_v3_1 | traditional_deployment_only_index_0_100_v3_1 | traditional_tfidf_core_index_0_100_v3_1 | traditional_tfidf_risk_adjusted_index_0_100_v3_1 | Traditional_score,GVKEY | YEAR | CIK | tic,GVKEY | YEAR | CIK | tic | n_unique_keywords_total_v3 | n_unique_capability_keywords_v3 | n_unique_deployment_keywords_v3 | n_unique_risk_keywords_v3 | full_four_filing_year_v3_1 | partial_filing_year_v3_1 | no_text_firm_year_v3_1
analysis_stock_covid_performance_panel_2020_2022.csv,C:\Users\LinDengdeng\Desktop\ai project\analysis_stock_covid_performance_panel_2020_2022.csv,ok,99,_stock_row_id | GVKEY | datadate | fyearq | fqtr | indfmt | consol | popsrc | datafmt | tic | curcdq | datacqtr | datafqtr | atq | cshoq | niq | costat | prccq | sic | YEAR | CONM | TIC | CUSIP | CIK | SIC | NAICS | PERMCO | PERMNO | LPERMCO | LPERMNO | LINKDT | LINKENDDT | LINKTYPE | LINKPRIM | RSSDID | RSSDHCR | FRB_NAME | FRB_INST_TYPE | RSSD_START_DATE | RSSD_END_DATE | LINK_OVERLAP | LINKDT_FILLED | LINKENDDT_FILLED | RSSD_START_DATE_FILLED | RSSD_END_DATE_FILLED | active_ccm_link | active_rssd_link | active_both_links | link_priority | linkprim_priority | NAMEHCR | n_base_branches_hcr | n_base_bank_subsidiaries | base_total_branch_deposits_hcr | hcr_exp_avg_cases_per_100k_deposit_w | hcr_exp_avg_cases_per_100k_equal_w | hcr_exp_max_cases_per_100k_deposit_w | hcr_exp_max_cases_per_100k_equal_w | hcr_exp_avg_deaths_per_100k_deposit_w | hcr_exp_avg_deaths_per_100k_equal_w | hcr_exp_max_deaths_per_100k_deposit_w | hcr_exp_max_deaths_per_100k_equal_w | hcr_exp_covid_health_shock_deposit_w | hcr_exp_covid_health_shock_equal_w | hcr_exp_covid_health_shock_peak_deposit_w | hcr_exp_covid_health_shock_peak_equal_w | hcr_exp_covid_case_shock_deposit_w | hcr_exp_covid_case_shock_equal_w | hcr_exp_covid_policy_shock_deposit_w | hcr_exp_covid_policy_shock_equal_w | hcr_exp_covid_policy_shock_containment_deposit_w | hcr_exp_covid_policy_shock_containment_equal_w | hcr_exp_covid_policy_shock_government_response_deposit_w | hcr_exp_covid_policy_shock_government_response_equal_w | covid_health_exposure_main_hcr | covid_case_exposure_main_hcr | covid_policy_exposure_main_hcr | covid_overall_exposure_main_hcr | mktcap_q | roa_q,GVKEY | datadate | tic | YEAR | TIC | CIK,GVKEY | datadate | fyearq | datafmt | tic | datacqtr | datafqtr | atq | niq | costat | YEAR | TIC | CIK | RSSD_START_DATE | RSSD_END_DATE | RSSD_START_DATE_FILLED | RSSD_END_DATE_FILLED | base_total_branch_deposits_hcr | hcr_exp_avg_cases_per_100k_deposit_w | hcr_exp_avg_cases_per_100k_equal_w | hcr_exp_max_cases_per_100k_deposit_w | hcr_exp_max_cases_per_100k_equal_w | hcr_exp_avg_deaths_per_100k_deposit_w | hcr_exp_avg_deaths_per_100k_equal_w | hcr_exp_max_deaths_per_100k_deposit_w | hcr_exp_max_deaths_per_100k_equal_w | hcr_exp_covid_health_shock_deposit_w | hcr_exp_covid_health_shock_equal_w | hcr_exp_covid_health_shock_peak_deposit_w | hcr_exp_covid_health_shock_peak_equal_w | hcr_exp_covid_case_shock_deposit_w | hcr_exp_covid_case_shock_equal_w | hcr_exp_covid_policy_shock_deposit_w | hcr_exp_covid_policy_shock_equal_w | hcr_exp_covid_policy_shock_containment_deposit_w | hcr_exp_covid_policy_shock_containment_equal_w | hcr_exp_covid_policy_shock_government_response_deposit_w | hcr_exp_covid_policy_shock_government_response_equal_w | covid_health_exposure_main_hcr | covid_case_exposure_main_hcr | covid_policy_exposure_main_hcr | covid_overall_exposure_main_hcr | roa_q | log_assets_q | lag_atq | lag_niq | lag_roa_q | price_return_q | asset_growth_q | niq_growth_q | roa_change_q | price_return_q_w | asset_growth_q_w | niq_growth_q_w | roa_q_w | roa_change_q_w | year_quarter
audit_duplicate_accessions_v3.csv,C:\Users\LinDengdeng\Desktop\ai project\audit_duplicate_accessions_v3.csv,ok,9,CIK | accession_number | n_rows | n_gvkey | n_year | gvkeys | years | tics | forms,CIK,CIK | n_gvkey | n_year | gvkeys | years | tics
audit_final_traditional_index_v3.xlsx,C:\Users\LinDengdeng\Desktop\ai project\audit_final_traditional_index_v3.xlsx,ok,9,Unnamed: 0 | count | mean | std | min | 25% | 50% | 75% | max,,
audit_firm_level_keyword_counts.csv,C:\Users\LinDengdeng\Desktop\ai project\audit_firm_level_keyword_counts.csv,ok,6,GVKEY | tic | deployment_keyword_count | capability_keyword_count | ai_data_keyword_count | risk_keyword_count,GVKEY | tic,GVKEY | tic | ai_data_keyword_count
audit_missing_clean_text_coverage.csv,C:\Users\LinDengdeng\Desktop\ai project\audit_missing_clean_text_coverage.csv,ok,10,GVKEY | tic | CIK | YEAR | fqtr | expected_form | form | filing_date | report_date | accession_number,GVKEY | tic | CIK | YEAR,GVKEY | tic | CIK | YEAR | filing_date | report_date
audit_missing_sec_match_reasons.csv,C:\Users\LinDengdeng\Desktop\ai project\audit_missing_sec_match_reasons.csv,ok,13,GVKEY | tic | CIK | YEAR | fqtr | expected_form | index_has_cik | index_n_cik_filings | index_n_expected_form | index_n_near_year | index_n_exact_year_qtr | available_forms | available_report_dates,GVKEY | tic | CIK | YEAR,GVKEY | tic | CIK | YEAR | index_has_cik | index_n_cik_filings | index_n_near_year | index_n_exact_year_qtr | available_report_dates
audit_no_text_firm_years_v3_1.csv,C:\Users\LinDengdeng\Desktop\ai project\audit_no_text_firm_years_v3_1.csv,ok,56,GVKEY | YEAR | CIK | tic | n_filings | accessions | total_words_v3 | deployment_count_v3 | capability_count_v3 | risk_count_v3 | mean_filing_v2_score | forms | raw_forms | deployment_density_v3 | capability_density_v3 | risk_density_v3 | n_unique_keywords_total_v3 | n_keyword_records_v3 | total_keyword_hits_check_v3 | n_unique_capability_keywords_v3 | n_unique_deployment_keywords_v3 | n_unique_risk_keywords_v3 | capability_hits_check_v3 | deployment_hits_check_v3 | risk_hits_check_v3 | capability_tfidf_v3 | deployment_tfidf_v3 | risk_tfidf_v3 | deployment_density_v3_winsor | capability_density_v3_winsor | risk_density_v3_winsor | deployment_tfidf_v3_winsor | capability_tfidf_v3_winsor | risk_tfidf_v3_winsor | z_deployment_density_v3 | z_capability_density_v3 | z_risk_density_v3 | z_deployment_tfidf_v3 | z_capability_tfidf_v3 | z_risk_tfidf_v3 | traditional_core_score_v3 | traditional_risk_adjusted_score_v3 | traditional_deployment_only_score_v3 | digital_risk_disclosure_score_v3 | traditional_tfidf_core_score_v3 | traditional_tfidf_risk_adjusted_score_v3 | traditional_core_index_0_100_v3 | traditional_risk_adjusted_index_0_100_v3 | traditional_deployment_only_index_0_100_v3 | traditional_tfidf_core_index_0_100_v3 | traditional_tfidf_risk_adjusted_index_0_100_v3 | has_text_v3_1 | main_analysis_sample_v3_1 | full_four_filing_year_v3_1 | partial_filing_year_v3_1 | no_text_firm_year_v3_1,GVKEY | YEAR | CIK | tic,GVKEY | YEAR | CIK | tic | n_unique_keywords_total_v3 | n_unique_capability_keywords_v3 | n_unique_deployment_keywords_v3 | n_unique_risk_keywords_v3 | full_four_filing_year_v3_1 | partial_filing_year_v3_1 | no_text_firm_year_v3_1
audit_problematic_keyword_false_positives_file_level.csv,C:\Users\LinDengdeng\Desktop\ai project\audit_problematic_keyword_false_positives_file_level.csv,ok,39,CIK | form | filing_date | accession_number | clean_text_path | processing_status | api_loose | api_strict | api_excess | rpa_loose | rpa_strict | rpa_excess | mfa_loose | mfa_strict | mfa_excess | automated_loose | automated_strict | automated_excess | automation_loose | automation_strict | automation_excess | cloud_loose | cloud_strict | cloud_excess | core system_loose | core system_strict | core system_excess | system conversion_loose | system conversion_strict | system conversion_excess | technology platform_loose | technology platform_strict | technology platform_excess | data analytics_loose | data analytics_strict | data analytics_excess | digital platform_loose | digital platform_strict | digital platform_excess,CIK,CIK | filing_date | clean_text_path | processing_status | automated_loose | automated_strict | automated_excess | automation_loose | automation_strict | automation_excess | technology platform_loose | technology platform_strict | technology platform_excess | data analytics_loose | data analytics_strict | data analytics_excess | digital platform_loose | digital platform_strict | digital platform_excess
audit_problematic_keyword_false_positives_summary.csv,C:\Users\LinDengdeng\Desktop\ai project\audit_problematic_keyword_false_positives_summary.csv,ok,11,term | loose_total | strict_total | excess_total | excess_share | files_with_loose | files_with_strict | mean_loose_per_file | mean_strict_per_file | max_loose_in_file | max_strict_in_file,,
audit_revised_v2_top_scores.xlsx,C:\Users\LinDengdeng\Desktop\ai project\audit_revised_v2_top_scores.xlsx,ok,21,GVKEY | tic | CIK | YEAR | fqtr | datadate | expected_form | form | filing_date | report_date | accession_number | deployment_count_v2 | capability_count_v2 | risk_count_v2 | deployment_density_v2 | capability_density_v2 | risk_density_v2 | traditional_customer_channel_intensity_v2 | traditional_capability_intensity_v2 | traditional_risk_intensity_v2 | traditional_digital_deployment_score_v2,GVKEY | tic | CIK | YEAR | datadate,GVKEY | tic | CIK | YEAR | datadate | filing_date | report_date
audit_top30_ai_data_keyword_count.csv,C:\Users\LinDengdeng\Desktop\ai project\audit_top30_ai_data_keyword_count.csv,ok,16,GVKEY | tic | CIK | YEAR | fqtr | expected_form | form | filing_date | report_date | accession_number | deployment_keyword_count | capability_keyword_count | ai_data_keyword_count | risk_keyword_count | traditional_deployment_score | matched_keywords,GVKEY | tic | CIK | YEAR,GVKEY | tic | CIK | YEAR | filing_date | report_date | ai_data_keyword_count | matched_keywords
audit_top30_capability_keyword_count.csv,C:\Users\LinDengdeng\Desktop\ai project\audit_top30_capability_keyword_count.csv,ok,16,GVKEY | tic | CIK | YEAR | fqtr | expected_form | form | filing_date | report_date | accession_number | deployment_keyword_count | capability_keyword_count | ai_data_keyword_count | risk_keyword_count | traditional_deployment_score | matched_keywords,GVKEY | tic | CIK | YEAR,GVKEY | tic | CIK | YEAR | filing_date | report_date | ai_data_keyword_count | matched_keywords
audit_top30_deployment_keyword_count.csv,C:\Users\LinDengdeng\Desktop\ai project\audit_top30_deployment_keyword_count.csv,ok,16,GVKEY | tic | CIK | YEAR | fqtr | expected_form | form | filing_date | report_date | accession_number | deployment_keyword_count | capability_keyword_count | ai_data_keyword_count | risk_keyword_count | traditional_deployment_score | matched_keywords,GVKEY | tic | CIK | YEAR,GVKEY | tic | CIK | YEAR | filing_date | report_date | ai_data_keyword_count | matched_keywords
audit_top30_risk_keyword_count.csv,C:\Users\LinDengdeng\Desktop\ai project\audit_top30_risk_keyword_count.csv,ok,16,GVKEY | tic | CIK | YEAR | fqtr | expected_form | form | filing_date | report_date | accession_number | deployment_keyword_count | capability_keyword_count | ai_data_keyword_count | risk_keyword_count | traditional_deployment_score | matched_keywords,GVKEY | tic | CIK | YEAR,GVKEY | tic | CIK | YEAR | filing_date | report_date | ai_data_keyword_count | matched_keywords
audit_top30_traditional_deployment_score.csv,C:\Users\LinDengdeng\Desktop\ai project\audit_top30_traditional_deployment_score.csv,ok,16,GVKEY | tic | CIK | YEAR | fqtr | expected_form | form | filing_date | report_date | accession_number | deployment_keyword_count | capability_keyword_count | ai_data_keyword_count | risk_keyword_count | traditional_deployment_score | matched_keywords,GVKEY | tic | CIK | YEAR,GVKEY | tic | CIK | YEAR | filing_date | report_date | ai_data_keyword_count | matched_keywords
audit_traditional_index_v3_1_clean.xlsx,C:\Users\LinDengdeng\Desktop\ai project\audit_traditional_index_v3_1_clean.xlsx,ok,2,metric | value,,
bank_covid_exposure_annual_2020_2022.csv,C:\Users\LinDengdeng\Desktop\ai project\bank_covid_exposure_annual_2020_2022.csv,ok,58,CERT | YEAR | n_base_branches | base_total_branch_deposits | branch_exp_avg_cases_per_100k_deposit_w | branch_exp_avg_cases_per_100k_equal_w | branch_exp_max_cases_per_100k_deposit_w | branch_exp_max_cases_per_100k_equal_w | branch_exp_avg_deaths_per_100k_deposit_w | branch_exp_avg_deaths_per_100k_equal_w | branch_exp_max_deaths_per_100k_deposit_w | branch_exp_max_deaths_per_100k_equal_w | branch_exp_covid_health_shock_deposit_w | branch_exp_covid_health_shock_equal_w | branch_exp_covid_health_shock_peak_deposit_w | branch_exp_covid_health_shock_peak_equal_w | branch_exp_covid_case_shock_deposit_w | branch_exp_covid_case_shock_equal_w | branch_exp_covid_policy_shock_deposit_w | branch_exp_covid_policy_shock_equal_w | branch_exp_covid_policy_shock_containment_deposit_w | branch_exp_covid_policy_shock_containment_equal_w | branch_exp_covid_policy_shock_government_response_deposit_w | branch_exp_covid_policy_shock_government_response_equal_w | NAMEFULL | hq_county_fips | hq_state | bank_assets_2019 | bank_deposits_2019 | hq_avg_cases_per_100k | hq_max_cases_per_100k | hq_avg_deaths_per_100k | hq_max_deaths_per_100k | hq_z_avg_cases_per_100k | hq_z_max_cases_per_100k | hq_z_avg_deaths_per_100k | hq_z_max_deaths_per_100k | hq_covid_health_shock | hq_covid_health_shock_peak | hq_covid_case_shock | hq_policy_stringency | hq_policy_government_response | hq_policy_containment_health | hq_policy_economic_support | hq_n_policy_days | hq_z_policy_stringency | hq_z_policy_government_response | hq_z_policy_containment_health | hq_z_policy_economic_support | hq_covid_policy_shock | hq_covid_policy_shock_containment | hq_covid_policy_shock_government_response | covid_health_exposure_main | covid_policy_exposure_main | covid_case_exposure_main | covid_overall_exposure_main | covid_health_exposure_branch_hq | covid_policy_exposure_branch_hq,YEAR,YEAR | base_total_branch_deposits | branch_exp_avg_cases_per_100k_deposit_w | branch_exp_avg_cases_per_100k_equal_w | branch_exp_max_cases_per_100k_deposit_w | branch_exp_max_cases_per_100k_equal_w | branch_exp_avg_deaths_per_100k_deposit_w | branch_exp_avg_deaths_per_100k_equal_w | branch_exp_max_deaths_per_100k_deposit_w | branch_exp_max_deaths_per_100k_equal_w | branch_exp_covid_health_shock_deposit_w | branch_exp_covid_health_shock_equal_w | branch_exp_covid_health_shock_peak_deposit_w | branch_exp_covid_health_shock_peak_equal_w | branch_exp_covid_case_shock_deposit_w | branch_exp_covid_case_shock_equal_w | branch_exp_covid_policy_shock_deposit_w | branch_exp_covid_policy_shock_equal_w | branch_exp_covid_policy_shock_containment_deposit_w | branch_exp_covid_policy_shock_containment_equal_w | branch_exp_covid_policy_shock_government_response_deposit_w | branch_exp_covid_policy_shock_government_response_equal_w | hq_state | bank_assets_2019 | bank_deposits_2019 | hq_avg_cases_per_100k | hq_max_cases_per_100k | hq_avg_deaths_per_100k | hq_max_deaths_per_100k | hq_z_avg_cases_per_100k | hq_z_max_cases_per_100k | hq_z_avg_deaths_per_100k | hq_z_max_deaths_per_100k | hq_covid_health_shock | hq_covid_health_shock_peak | hq_covid_case_shock | hq_policy_stringency | hq_policy_government_response | hq_policy_containment_health | hq_policy_economic_support | hq_n_policy_days | hq_z_policy_stringency | hq_z_policy_government_response | hq_z_policy_containment_health | hq_z_policy_economic_support | hq_covid_policy_shock | hq_covid_policy_shock_containment | hq_covid_policy_shock_government_response | covid_health_exposure_main | covid_policy_exposure_main | covid_case_exposure_main | covid_overall_exposure_main | covid_health_exposure_branch_hq | covid_policy_exposure_branch_hq
bank_overview_stock_covid_performance_2020_2022.csv,C:\Users\LinDengdeng\Desktop\ai project\bank_overview_stock_covid_performance_2020_2022.csv,ok,47,GVKEY | ticker | company_name | RSSDHCR | first_datadate | last_datadate | n_quarters | first_year | last_year | n_years | n_firm_quarters | avg_covid_health_exposure | min_covid_health_exposure | max_covid_health_exposure | avg_covid_case_exposure | avg_covid_policy_exposure | avg_covid_overall_exposure | avg_roa | min_roa | max_roa | avg_roa_w | avg_price_return | min_price_return | max_price_return | avg_price_return_w | avg_mktcap_growth | avg_mktcap_growth_w | avg_asset_growth | avg_asset_growth_w | avg_roa_change | avg_roa_change_w | avg_assets | max_assets | avg_mktcap | max_mktcap | avg_log_assets | avg_log_mktcap | base_branches_2019 | base_branches_2019_max | base_bank_subsidiaries_2019 | n_base_bank_subsidiaries_max | base_branch_deposits_2019 | base_total_branch_deposits_hcr_max | share_active_both_links | rank_covid_health_high | rank_roa_high | rank_price_return_high,GVKEY | ticker,GVKEY | ticker | first_datadate | last_datadate | first_year | last_year | n_years | avg_covid_health_exposure | min_covid_health_exposure | max_covid_health_exposure | avg_covid_case_exposure | avg_covid_policy_exposure | avg_covid_overall_exposure | avg_roa | min_roa | max_roa | avg_roa_w | avg_price_return | min_price_return | max_price_return | avg_price_return_w | avg_asset_growth | avg_asset_growth_w | avg_roa_change | avg_roa_change_w | avg_assets | max_assets | avg_log_assets | base_branch_deposits_2019 | base_total_branch_deposits_hcr_max | rank_covid_health_high | rank_roa_high | rank_price_return_high
bank_overview_stock_covid_performance_2020_2022.xlsx,C:\Users\LinDengdeng\Desktop\ai project\bank_overview_stock_covid_performance_2020_2022.xlsx,ok,47,GVKEY | ticker | company_name | RSSDHCR | first_datadate | last_datadate | n_quarters | first_year | last_year | n_years | n_firm_quarters | avg_covid_health_exposure | min_covid_health_exposure | max_covid_health_exposure | avg_covid_case_exposure | avg_covid_policy_exposure | avg_covid_overall_exposure | avg_roa | min_roa | max_roa | avg_roa_w | avg_price_return | min_price_return | max_price_return | avg_price_return_w | avg_mktcap_growth | avg_mktcap_growth_w | avg_asset_growth | avg_asset_growth_w | avg_roa_change | avg_roa_change_w | avg_assets | max_assets | avg_mktcap | max_mktcap | avg_log_assets | avg_log_mktcap | base_branches_2019 | base_branches_2019_max | base_bank_subsidiaries_2019 | n_base_bank_subsidiaries_max | base_branch_deposits_2019 | base_total_branch_deposits_hcr_max | share_active_both_links | rank_covid_health_high | rank_roa_high | rank_price_return_high,GVKEY | ticker,GVKEY | ticker | first_datadate | last_datadate | first_year | last_year | n_years | avg_covid_health_exposure | min_covid_health_exposure | max_covid_health_exposure | avg_covid_case_exposure | avg_covid_policy_exposure | avg_covid_overall_exposure | avg_roa | min_roa | max_roa | avg_roa_w | avg_price_return | min_price_return | max_price_return | avg_price_return_w | avg_asset_growth | avg_asset_growth_w | avg_roa_change | avg_roa_change_w | avg_assets | max_assets | avg_log_assets | base_branch_deposits_2019 | base_total_branch_deposits_hcr_max | rank_covid_health_high | rank_roa_high | rank_price_return_high
bank_quarter_detail_stock_covid_performance_2020_2022.csv,C:\Users\LinDengdeng\Desktop\ai project\bank_quarter_detail_stock_covid_performance_2020_2022.csv,ok,32,GVKEY | ticker | company_name | RSSDHCR | datadate | YEAR | fqtr | covid_health_exposure_main_hcr | covid_case_exposure_main_hcr | covid_policy_exposure_main_hcr | covid_overall_exposure_main_hcr | roa_q | roa_q_w | price_return_q | price_return_q_w | mktcap_growth_q | mktcap_growth_q_w | asset_growth_q | asset_growth_q_w | roa_change_q | roa_change_q_w | atq | niq | prccq | cshoq | mktcap_q | log_assets_q | log_mktcap_q | n_base_branches_hcr | n_base_bank_subsidiaries | base_total_branch_deposits_hcr | active_both_links,GVKEY | ticker | datadate | YEAR,GVKEY | ticker | datadate | YEAR | covid_health_exposure_main_hcr | covid_case_exposure_main_hcr | covid_policy_exposure_main_hcr | covid_overall_exposure_main_hcr | roa_q | roa_q_w | price_return_q | price_return_q_w | asset_growth_q | asset_growth_q_w | roa_change_q | roa_change_q_w | atq | niq | log_assets_q | base_total_branch_deposits_hcr
descriptive_stock_covid_performance_summary.csv,C:\Users\LinDengdeng\Desktop\ai project\descriptive_stock_covid_performance_summary.csv,ok,9,Unnamed: 0 | count | mean | std | min | 25% | 50% | 75% | max,,
diagnostic_multiple_rssd_mappings.csv,C:\Users\LinDengdeng\Desktop\ai project\diagnostic_multiple_rssd_mappings.csv,ok,22,GVKEY | CONM | TIC | CUSIP | CIK | SIC | NAICS | PERMCO | PERMNO | LPERMCO | LPERMNO | LINKDT | LINKENDDT | LINKTYPE | LINKPRIM | RSSDID | RSSDHCR | FRB_NAME | FRB_INST_TYPE | RSSD_START_DATE | RSSD_END_DATE | LINK_OVERLAP,GVKEY | TIC | CIK,GVKEY | TIC | CIK | RSSD_START_DATE | RSSD_END_DATE
diagnostic_stock_covid_matching_by_year.csv,C:\Users\LinDengdeng\Desktop\ai project\diagnostic_stock_covid_matching_by_year.csv,ok,6,YEAR | n_rows | n_firms | share_has_rssdhcr | share_has_covid_health | share_has_covid_policy,YEAR,YEAR | share_has_covid_health | share_has_covid_policy
diagnostic_stock_covid_matching_firm_level.csv,C:\Users\LinDengdeng\Desktop\ai project\diagnostic_stock_covid_matching_firm_level.csv,ok,9,GVKEY | tic | first_year | last_year | n_rows | has_rssdhcr | has_covid_health | sic | match_status,GVKEY | tic,GVKEY | tic | first_year | last_year | has_covid_health | match_status
final_bank_covid_panel_2018_2025.csv,C:\Users\LinDengdeng\Desktop\ai project\final_bank_covid_panel_2018_2025.csv,ok,81,YEAR | CERT | NAMEFULL_x | n_branches | total_branch_deposits | bank_assets | bank_deposits | n_states | n_counties | n_msas | branch_lag | branch_growth | deposit_lag | deposit_growth | log_n_branches | log_total_branch_deposits | log_bank_assets | log_bank_deposits | bank_size_category | n_branches_lag | bank_assets_lag | bank_deposits_lag | delta_n_branches | asset_growth | bank_deposit_growth | n_base_branches | base_total_branch_deposits | branch_exp_avg_cases_per_100k_deposit_w | branch_exp_avg_cases_per_100k_equal_w | branch_exp_max_cases_per_100k_deposit_w | branch_exp_max_cases_per_100k_equal_w | branch_exp_avg_deaths_per_100k_deposit_w | branch_exp_avg_deaths_per_100k_equal_w | branch_exp_max_deaths_per_100k_deposit_w | branch_exp_max_deaths_per_100k_equal_w | branch_exp_covid_health_shock_deposit_w | branch_exp_covid_health_shock_equal_w | branch_exp_covid_health_shock_peak_deposit_w | branch_exp_covid_health_shock_peak_equal_w | branch_exp_covid_case_shock_deposit_w | branch_exp_covid_case_shock_equal_w | branch_exp_covid_policy_shock_deposit_w | branch_exp_covid_policy_shock_equal_w | branch_exp_covid_policy_shock_containment_deposit_w | branch_exp_covid_policy_shock_containment_equal_w | branch_exp_covid_policy_shock_government_response_deposit_w | branch_exp_covid_policy_shock_government_response_equal_w | NAMEFULL_y | hq_county_fips | hq_state | bank_assets_2019 | bank_deposits_2019 | hq_avg_cases_per_100k | hq_max_cases_per_100k | hq_avg_deaths_per_100k | hq_max_deaths_per_100k | hq_z_avg_cases_per_100k | hq_z_max_cases_per_100k | hq_z_avg_deaths_per_100k | hq_z_max_deaths_per_100k | hq_covid_health_shock | hq_covid_health_shock_peak | hq_covid_case_shock | hq_policy_stringency | hq_policy_government_response | hq_policy_containment_health | hq_policy_economic_support | hq_n_policy_days | hq_z_policy_stringency | hq_z_policy_government_response | hq_z_policy_containment_health | hq_z_policy_economic_support | hq_covid_policy_shock | hq_covid_policy_shock_containment | hq_covid_policy_shock_government_response | covid_health_exposure_main | covid_policy_exposure_main | covid_case_exposure_main | covid_overall_exposure_main | covid_health_exposure_branch_hq,YEAR,YEAR | total_branch_deposits | bank_assets | bank_deposits | n_states | log_total_branch_deposits | log_bank_assets | log_bank_deposits | bank_size_category | bank_assets_lag | bank_deposits_lag | asset_growth | base_total_branch_deposits | branch_exp_avg_cases_per_100k_deposit_w | branch_exp_avg_cases_per_100k_equal_w | branch_exp_max_cases_per_100k_deposit_w | branch_exp_max_cases_per_100k_equal_w | branch_exp_avg_deaths_per_100k_deposit_w | branch_exp_avg_deaths_per_100k_equal_w | branch_exp_max_deaths_per_100k_deposit_w | branch_exp_max_deaths_per_100k_equal_w | branch_exp_covid_health_shock_deposit_w | branch_exp_covid_health_shock_equal_w | branch_exp_covid_health_shock_peak_deposit_w | branch_exp_covid_health_shock_peak_equal_w | branch_exp_covid_case_shock_deposit_w | branch_exp_covid_case_shock_equal_w | branch_exp_covid_policy_shock_deposit_w | branch_exp_covid_policy_shock_equal_w | branch_exp_covid_policy_shock_containment_deposit_w | branch_exp_covid_policy_shock_containment_equal_w | branch_exp_covid_policy_shock_government_response_deposit_w | branch_exp_covid_policy_shock_government_response_equal_w | hq_state | bank_assets_2019 | bank_deposits_2019 | hq_avg_cases_per_100k | hq_max_cases_per_100k | hq_avg_deaths_per_100k | hq_max_deaths_per_100k | hq_z_avg_cases_per_100k | hq_z_max_cases_per_100k | hq_z_avg_deaths_per_100k | hq_z_max_deaths_per_100k | hq_covid_health_shock | hq_covid_health_shock_peak | hq_covid_case_shock | hq_policy_stringency | hq_policy_government_response | hq_policy_containment_health | hq_policy_economic_support | hq_n_policy_days | hq_z_policy_stringency | hq_z_policy_government_response | hq_z_policy_containment_health | hq_z_policy_economic_support | hq_covid_policy_shock | hq_covid_policy_shock_containment | hq_covid_policy_shock_government_response | covid_health_exposure_main | covid_policy_exposure_main | covid_case_exposure_main | covid_overall_exposure_main | covid_health_exposure_branch_hq | covid_policy_exposure_branch_hq
final_traditional_filing_level_dedup_v3.csv,C:\Users\LinDengdeng\Desktop\ai project\final_traditional_filing_level_dedup_v3.csv,ok,36,GVKEY | tic | CIK | YEAR | fqtr | datadate | expected_form | CIK10 | company_name_sec | form | filing_date | report_date | accession_number | primary_document | primary_doc_description | report_year | report_quarter | date_distance | sec_document_url | clean_text_path | text_length | total_words_v2 | deployment_count_v2 | capability_count_v2 | risk_count_v2 | deployment_density_v2 | capability_density_v2 | risk_density_v2 | status_v2 | z_deployment_density_v2 | z_capability_density_v2 | z_risk_density_v2 | traditional_digital_deployment_score_v2 | traditional_customer_channel_intensity_v2 | traditional_capability_intensity_v2 | traditional_risk_intensity_v2,GVKEY | tic | CIK | YEAR | datadate,GVKEY | tic | CIK | YEAR | datadate | CIK10 | filing_date | report_date | report_year | date_distance | clean_text_path | status_v2
final_traditional_firm_year_digital_index_v3.csv,C:\Users\LinDengdeng\Desktop\ai project\final_traditional_firm_year_digital_index_v3.csv,ok,51,GVKEY | YEAR | CIK | tic | n_filings | accessions | total_words_v3 | deployment_count_v3 | capability_count_v3 | risk_count_v3 | mean_filing_v2_score | forms | raw_forms | deployment_density_v3 | capability_density_v3 | risk_density_v3 | n_unique_keywords_total_v3 | n_keyword_records_v3 | total_keyword_hits_check_v3 | n_unique_capability_keywords_v3 | n_unique_deployment_keywords_v3 | n_unique_risk_keywords_v3 | capability_hits_check_v3 | deployment_hits_check_v3 | risk_hits_check_v3 | capability_tfidf_v3 | deployment_tfidf_v3 | risk_tfidf_v3 | deployment_density_v3_winsor | capability_density_v3_winsor | risk_density_v3_winsor | deployment_tfidf_v3_winsor | capability_tfidf_v3_winsor | risk_tfidf_v3_winsor | z_deployment_density_v3 | z_capability_density_v3 | z_risk_density_v3 | z_deployment_tfidf_v3 | z_capability_tfidf_v3 | z_risk_tfidf_v3 | traditional_core_score_v3 | traditional_risk_adjusted_score_v3 | traditional_deployment_only_score_v3 | digital_risk_disclosure_score_v3 | traditional_tfidf_core_score_v3 | traditional_tfidf_risk_adjusted_score_v3 | traditional_core_index_0_100_v3 | traditional_risk_adjusted_index_0_100_v3 | traditional_deployment_only_index_0_100_v3 | traditional_tfidf_core_index_0_100_v3 | traditional_tfidf_risk_adjusted_index_0_100_v3,GVKEY | YEAR | CIK | tic,GVKEY | YEAR | CIK | tic | n_unique_keywords_total_v3 | n_unique_capability_keywords_v3 | n_unique_deployment_keywords_v3 | n_unique_risk_keywords_v3
final_traditional_firm_year_digital_index_v3_1_clean.csv,C:\Users\LinDengdeng\Desktop\ai project\final_traditional_firm_year_digital_index_v3_1_clean.csv,ok,85,GVKEY | YEAR | CIK | tic | n_filings | accessions | total_words_v3 | deployment_count_v3 | capability_count_v3 | risk_count_v3 | mean_filing_v2_score | forms | raw_forms | deployment_density_v3 | capability_density_v3 | risk_density_v3 | n_unique_keywords_total_v3 | n_keyword_records_v3 | total_keyword_hits_check_v3 | n_unique_capability_keywords_v3 | n_unique_deployment_keywords_v3 | n_unique_risk_keywords_v3 | capability_hits_check_v3 | deployment_hits_check_v3 | risk_hits_check_v3 | capability_tfidf_v3 | deployment_tfidf_v3 | risk_tfidf_v3 | deployment_density_v3_winsor | capability_density_v3_winsor | risk_density_v3_winsor | deployment_tfidf_v3_winsor | capability_tfidf_v3_winsor | risk_tfidf_v3_winsor | z_deployment_density_v3 | z_capability_density_v3 | z_risk_density_v3 | z_deployment_tfidf_v3 | z_capability_tfidf_v3 | z_risk_tfidf_v3 | traditional_core_score_v3 | traditional_risk_adjusted_score_v3 | traditional_deployment_only_score_v3 | digital_risk_disclosure_score_v3 | traditional_tfidf_core_score_v3 | traditional_tfidf_risk_adjusted_score_v3 | traditional_core_index_0_100_v3 | traditional_risk_adjusted_index_0_100_v3 | traditional_deployment_only_index_0_100_v3 | traditional_tfidf_core_index_0_100_v3 | traditional_tfidf_risk_adjusted_index_0_100_v3 | has_text_v3_1 | main_analysis_sample_v3_1 | full_four_filing_year_v3_1 | partial_filing_year_v3_1 | no_text_firm_year_v3_1 | deployment_density_v3_winsor_v3_1 | capability_density_v3_winsor_v3_1 | risk_density_v3_winsor_v3_1 | deployment_tfidf_v3_winsor_v3_1 | capability_tfidf_v3_winsor_v3_1 | risk_tfidf_v3_winsor_v3_1 | z_deployment_density_v3_1 | z_capability_density_v3_1 | z_risk_density_v3_1 | z_deployment_tfidf_v3_1 | z_capability_tfidf_v3_1 | z_risk_tfidf_v3_1 | traditional_core_score_v3_1 | traditional_risk_adjusted_score_v3_1 | traditional_deployment_only_score_v3_1 | digital_risk_disclosure_score_v3_1 | traditional_tfidf_core_score_v3_1 | traditional_tfidf_risk_adjusted_score_v3_1 | traditional_core_index_0_100_v3_1 | traditional_risk_adjusted_index_0_100_v3_1 | traditional_deployment_only_index_0_100_v3_1 | traditional_tfidf_core_index_0_100_v3_1 | traditional_tfidf_risk_adjusted_index_0_100_v3_1 | Traditional_score,GVKEY | YEAR | CIK | tic,GVKEY | YEAR | CIK | tic | n_unique_keywords_total_v3 | n_unique_capability_keywords_v3 | n_unique_deployment_keywords_v3 | n_unique_risk_keywords_v3 | full_four_filing_year_v3_1 | partial_filing_year_v3_1 | no_text_firm_year_v3_1
full_vs_evidence_audit_test100_v1_3.csv,C:\Users\LinDengdeng\Desktop\ai project\full_vs_evidence_audit_test100_v1_3.csv,ok,14,n_total_scoring_rows | n_ok_scoring_rows | n_unique_filings_compared | mean_full_index | mean_evidence_index | mean_difference_full_minus_evidence | median_difference_full_minus_evidence | mean_absolute_difference | median_absolute_difference | corr_full_evidence_index | pct_absdiff_le_10 | pct_absdiff_le_20 | pct_full_higher_than_evidence | pct_full_lower_than_evidence,,n_unique_filings_compared
full_vs_evidence_audit_test30_v1_2.csv,C:\Users\LinDengdeng\Desktop\ai project\full_vs_evidence_audit_test30_v1_2.csv,ok,14,n_total_scoring_rows | n_ok_scoring_rows | n_unique_filings_compared | mean_full_index | mean_evidence_index | mean_difference_full_minus_evidence | median_difference_full_minus_evidence | mean_absolute_difference | median_absolute_difference | corr_full_evidence_index | pct_absdiff_le_10 | pct_absdiff_le_20 | pct_full_higher_than_evidence | pct_full_lower_than_evidence,,n_unique_filings_compared
full_vs_evidence_comparison_test100_v1_3.csv,C:\Users\LinDengdeng\Desktop\ai project\full_vs_evidence_comparison_test100_v1_3.csv,ok,38,filing_id | file_name | cik | form | filing_date | fiscal_year | AI_semantic_index_0_100_broad_full_document | AI_semantic_index_0_100_evidence_snippets | AI_semantic_score_broad_full_document | AI_semantic_score_evidence_snippets | Confidence_broad_full_document | Confidence_evidence_snippets | DigitalRelevance_broad_full_document | DigitalRelevance_evidence_snippets | ImplementationStage_broad_full_document | ImplementationStage_evidence_snippets | InvestmentType_broad_full_document | InvestmentType_evidence_snippets | StrategicImportance_broad_full_document | StrategicImportance_evidence_snippets | TimeHorizon_broad_full_document | TimeHorizon_evidence_snippets | diff_InvestmentType_full_minus_evidence | absdiff_InvestmentType | diff_StrategicImportance_full_minus_evidence | absdiff_StrategicImportance | diff_ImplementationStage_full_minus_evidence | absdiff_ImplementationStage | diff_TimeHorizon_full_minus_evidence | absdiff_TimeHorizon | diff_DigitalRelevance_full_minus_evidence | absdiff_DigitalRelevance | diff_Confidence_full_minus_evidence | absdiff_Confidence | diff_AI_semantic_score_full_minus_evidence | absdiff_AI_semantic_score | diff_AI_semantic_index_0_100_full_minus_evidence | absdiff_AI_semantic_index_0_100,cik,cik | filing_date | fiscal_year | AI_semantic_index_0_100_broad_full_document | AI_semantic_index_0_100_evidence_snippets | AI_semantic_score_broad_full_document | AI_semantic_score_evidence_snippets | Confidence_broad_full_document | Confidence_evidence_snippets | DigitalRelevance_broad_full_document | DigitalRelevance_evidence_snippets | ImplementationStage_broad_full_document | ImplementationStage_evidence_snippets | InvestmentType_broad_full_document | InvestmentType_evidence_snippets | StrategicImportance_broad_full_document | StrategicImportance_evidence_snippets | TimeHorizon_broad_full_document | TimeHorizon_evidence_snippets | diff_StrategicImportance_full_minus_evidence | absdiff_StrategicImportance | diff_ImplementationStage_full_minus_evidence | absdiff_ImplementationStage | diff_AI_semantic_score_full_minus_evidence | absdiff_AI_semantic_score | diff_AI_semantic_index_0_100_full_minus_evidence | absdiff_AI_semantic_index_0_100
full_vs_evidence_comparison_test30_v1_2.csv,C:\Users\LinDengdeng\Desktop\ai project\full_vs_evidence_comparison_test30_v1_2.csv,ok,38,filing_id | file_name | cik | form | filing_date | fiscal_year | AI_semantic_index_0_100_broad_full_document | AI_semantic_index_0_100_evidence_snippets | AI_semantic_score_broad_full_document | AI_semantic_score_evidence_snippets | Confidence_broad_full_document | Confidence_evidence_snippets | DigitalRelevance_broad_full_document | DigitalRelevance_evidence_snippets | ImplementationStage_broad_full_document | ImplementationStage_evidence_snippets | InvestmentType_broad_full_document | InvestmentType_evidence_snippets | StrategicImportance_broad_full_document | StrategicImportance_evidence_snippets | TimeHorizon_broad_full_document | TimeHorizon_evidence_snippets | diff_InvestmentType_full_minus_evidence | absdiff_InvestmentType | diff_StrategicImportance_full_minus_evidence | absdiff_StrategicImportance | diff_ImplementationStage_full_minus_evidence | absdiff_ImplementationStage | diff_TimeHorizon_full_minus_evidence | absdiff_TimeHorizon | diff_DigitalRelevance_full_minus_evidence | absdiff_DigitalRelevance | diff_Confidence_full_minus_evidence | absdiff_Confidence | diff_AI_semantic_score_full_minus_evidence | absdiff_AI_semantic_score | diff_AI_semantic_index_0_100_full_minus_evidence | absdiff_AI_semantic_index_0_100,cik,cik | filing_date | fiscal_year | AI_semantic_index_0_100_broad_full_document | AI_semantic_index_0_100_evidence_snippets | AI_semantic_score_broad_full_document | AI_semantic_score_evidence_snippets | Confidence_broad_full_document | Confidence_evidence_snippets | DigitalRelevance_broad_full_document | DigitalRelevance_evidence_snippets | ImplementationStage_broad_full_document | ImplementationStage_evidence_snippets | InvestmentType_broad_full_document | InvestmentType_evidence_snippets | StrategicImportance_broad_full_document | StrategicImportance_evidence_snippets | TimeHorizon_broad_full_document | TimeHorizon_evidence_snippets | diff_StrategicImportance_full_minus_evidence | absdiff_StrategicImportance | diff_ImplementationStage_full_minus_evidence | absdiff_ImplementationStage | diff_AI_semantic_score_full_minus_evidence | absdiff_AI_semantic_score | diff_AI_semantic_index_0_100_full_minus_evidence | absdiff_AI_semantic_index_0_100
hcr_covid_exposure_annual_2020_2022.csv,C:\Users\LinDengdeng\Desktop\ai project\hcr_covid_exposure_annual_2020_2022.csv,ok,30,RSSDHCR | YEAR | NAMEHCR | n_base_branches_hcr | n_base_bank_subsidiaries | base_total_branch_deposits_hcr | hcr_exp_avg_cases_per_100k_deposit_w | hcr_exp_avg_cases_per_100k_equal_w | hcr_exp_max_cases_per_100k_deposit_w | hcr_exp_max_cases_per_100k_equal_w | hcr_exp_avg_deaths_per_100k_deposit_w | hcr_exp_avg_deaths_per_100k_equal_w | hcr_exp_max_deaths_per_100k_deposit_w | hcr_exp_max_deaths_per_100k_equal_w | hcr_exp_covid_health_shock_deposit_w | hcr_exp_covid_health_shock_equal_w | hcr_exp_covid_health_shock_peak_deposit_w | hcr_exp_covid_health_shock_peak_equal_w | hcr_exp_covid_case_shock_deposit_w | hcr_exp_covid_case_shock_equal_w | hcr_exp_covid_policy_shock_deposit_w | hcr_exp_covid_policy_shock_equal_w | hcr_exp_covid_policy_shock_containment_deposit_w | hcr_exp_covid_policy_shock_containment_equal_w | hcr_exp_covid_policy_shock_government_response_deposit_w | hcr_exp_covid_policy_shock_government_response_equal_w | covid_health_exposure_main_hcr | covid_case_exposure_main_hcr | covid_policy_exposure_main_hcr | covid_overall_exposure_main_hcr,YEAR,YEAR | base_total_branch_deposits_hcr | hcr_exp_avg_cases_per_100k_deposit_w | hcr_exp_avg_cases_per_100k_equal_w | hcr_exp_max_cases_per_100k_deposit_w | hcr_exp_max_cases_per_100k_equal_w | hcr_exp_avg_deaths_per_100k_deposit_w | hcr_exp_avg_deaths_per_100k_equal_w | hcr_exp_max_deaths_per_100k_deposit_w | hcr_exp_max_deaths_per_100k_equal_w | hcr_exp_covid_health_shock_deposit_w | hcr_exp_covid_health_shock_equal_w | hcr_exp_covid_health_shock_peak_deposit_w | hcr_exp_covid_health_shock_peak_equal_w | hcr_exp_covid_case_shock_deposit_w | hcr_exp_covid_case_shock_equal_w | hcr_exp_covid_policy_shock_deposit_w | hcr_exp_covid_policy_shock_equal_w | hcr_exp_covid_policy_shock_containment_deposit_w | hcr_exp_covid_policy_shock_containment_equal_w | hcr_exp_covid_policy_shock_government_response_deposit_w | hcr_exp_covid_policy_shock_government_response_equal_w | covid_health_exposure_main_hcr | covid_case_exposure_main_hcr | covid_policy_exposure_main_hcr | covid_overall_exposure_main_hcr
html_visible_text_audit_full_v1_2.csv,C:\Users\LinDengdeng\Desktop\ai project\html_visible_text_audit_full_v1_2.csv,ok,15,file_name | output_txt_name | cik | form | filing_date | input_path | output_path | status | raw_char_len | visible_char_len | visible_word_count_rough | contains_us_gaap_after_clean | contains_xbrli_after_clean | contains_ix_hidden_after_clean | error,cik,cik | filing_date | input_path | output_path | status
html_visible_text_audit_test100_v1.csv,C:\Users\LinDengdeng\Desktop\ai project\html_visible_text_audit_test100_v1.csv,ok,14,file_name | output_txt_name | cik | form | filing_date | input_path | output_path | status | raw_char_len | visible_char_len | visible_word_count_rough | contains_us_gaap_after_clean | contains_xbrli_after_clean | error,cik,cik | filing_date | input_path | output_path | status
html_visible_text_audit_test100_v1_2.csv,C:\Users\LinDengdeng\Desktop\ai project\html_visible_text_audit_test100_v1_2.csv,ok,15,file_name | output_txt_name | cik | form | filing_date | input_path | output_path | status | raw_char_len | visible_char_len | visible_word_count_rough | contains_us_gaap_after_clean | contains_xbrli_after_clean | contains_ix_hidden_after_clean | error,cik,cik | filing_date | input_path | output_path | status
html_visible_text_audit_test20_v1_1.csv,C:\Users\LinDengdeng\Desktop\ai project\html_visible_text_audit_test20_v1_1.csv,ok,14,file_name | output_txt_name | cik | form | filing_date | input_path | output_path | status | raw_char_len | visible_char_len | visible_word_count_rough | contains_us_gaap_after_clean | contains_xbrli_after_clean | error,cik,cik | filing_date | input_path | output_path | status
html_visible_text_audit_test20_v1_2.csv,C:\Users\LinDengdeng\Desktop\ai project\html_visible_text_audit_test20_v1_2.csv,ok,15,file_name | output_txt_name | cik | form | filing_date | input_path | output_path | status | raw_char_len | visible_char_len | visible_word_count_rough | contains_us_gaap_after_clean | contains_xbrli_after_clean | contains_ix_hidden_after_clean | error,cik,cik | filing_date | input_path | output_path | status
poe_ai_full_document_input_test100_v2.csv,C:\Users\LinDengdeng\Desktop\ai project\poe_ai_full_document_input_test100_v2.csv,ok,16,file_name | filing_id | cik | form | filing_date | filing_year | fiscal_year | full_document_text | full_document_char_len_before_cap | full_document_char_len | full_document_word_count_rough | cap_strategy | max_chars | was_capped | status | error,cik,cik | filing_date | filing_year | fiscal_year | cap_strategy | status
poe_ai_full_document_scores_test100_v2.csv,C:\Users\LinDengdeng\Desktop\ai project\poe_ai_full_document_scores_test100_v2.csv,ok,32,file_name | filing_id | cik | form | filing_date | filing_year | fiscal_year | full_document_text | full_document_char_len_before_cap | full_document_char_len | full_document_word_count_rough | cap_strategy | max_chars | was_capped | status | error | InvestmentType | StrategicImportance | ImplementationStage | TimeHorizon | DigitalRelevance | Confidence | Explanation | AI_semantic_score | AI_semantic_index_0_100 | raw_response | api_status | api_error | poe_model | scored_at | attempts_used | text_char_len_sent_to_poe,cik,cik | filing_date | filing_year | fiscal_year | cap_strategy | status | StrategicImportance | ImplementationStage | Explanation | AI_semantic_score | AI_semantic_index_0_100 | api_status | scored_at | attempts_used
poe_ai_full_document_scores_v3_fulltext.csv,C:\Users\LinDengdeng\Desktop\ai project\poe_ai_full_document_scores_v3_fulltext.csv,ok,27,file_name | filing_id | cik | form | filing_date | filing_year | fiscal_year | full_document_char_len | full_document_word_count_rough | text_char_len_sent_to_poe | InvestmentType | StrategicImportance | ImplementationStage | TimeHorizon | DigitalRelevance | Confidence | Explanation | AI_full_document_score | AI_full_document_index_0_100 | AI_semantic_score | AI_semantic_index_0_100 | raw_response | api_status | api_error | poe_model | scored_at | attempts_used,cik,cik | filing_date | filing_year | fiscal_year | StrategicImportance | ImplementationStage | Explanation | AI_semantic_score | AI_semantic_index_0_100 | api_status | scored_at | attempts_used
poe_ai_semantic_input_test100_v1_1.csv,C:\Users\LinDengdeng\Desktop\ai project\poe_ai_semantic_input_test100_v1_1.csv,ok,14,file_name | filing_id | cik | form | filing_date | filing_year | fiscal_year | evidence_text | evidence_terms | n_evidence_windows | evidence_char_len | status | error | has_digital_evidence,cik,cik | filing_date | filing_year | fiscal_year | status
poe_ai_semantic_input_test100_v1_2.csv,C:\Users\LinDengdeng\Desktop\ai project\poe_ai_semantic_input_test100_v1_2.csv,ok,19,file_name | filing_id | cik | form | filing_date | filing_year | fiscal_year | evidence_only_text | evidence_terms | n_evidence_windows | evidence_char_len | filing_context_text | filing_context_char_len | evidence_text | combined_input_char_len | status | error | has_digital_evidence | has_context,cik,cik | filing_date | filing_year | fiscal_year | status
poe_ai_semantic_input_test20.csv,C:\Users\LinDengdeng\Desktop\ai project\poe_ai_semantic_input_test20.csv,ok,14,file_name | filing_id | cik | form | filing_date | filing_year | fiscal_year | evidence_text | evidence_terms | n_evidence_windows | evidence_char_len | status | error | has_digital_evidence,cik,cik | filing_date | filing_year | fiscal_year | status
poe_ai_semantic_input_test20_v1_2.csv,C:\Users\LinDengdeng\Desktop\ai project\poe_ai_semantic_input_test20_v1_2.csv,ok,19,file_name | filing_id | cik | form | filing_date | filing_year | fiscal_year | evidence_only_text | evidence_terms | n_evidence_windows | evidence_char_len | filing_context_text | filing_context_char_len | evidence_text | combined_input_char_len | status | error | has_digital_evidence | has_context,cik,cik | filing_date | filing_year | fiscal_year | status
poe_ai_semantic_input_test20_v1_2_fixed.csv,C:\Users\LinDengdeng\Desktop\ai project\poe_ai_semantic_input_test20_v1_2_fixed.csv,ok,19,file_name | filing_id | cik | form | filing_date | filing_year | fiscal_year | evidence_only_text | evidence_terms | n_evidence_windows | evidence_char_len | filing_context_text | filing_context_char_len | evidence_text | combined_input_char_len | status | error | has_digital_evidence | has_context,cik,cik | filing_date | filing_year | fiscal_year | status
poe_ai_semantic_scores_test100_v1_1.csv,C:\Users\LinDengdeng\Desktop\ai project\poe_ai_semantic_scores_test100_v1_1.csv,ok,29,file_name | filing_id | cik | form | filing_date | filing_year | fiscal_year | evidence_text | evidence_terms | n_evidence_windows | evidence_char_len | status | error | has_digital_evidence | InvestmentType | StrategicImportance | ImplementationStage | TimeHorizon | DigitalRelevance | Confidence | Explanation | AI_semantic_score | AI_semantic_index_0_100 | raw_response | api_status | api_error | poe_model | scored_at | attempts_used,cik,cik | filing_date | filing_year | fiscal_year | status | StrategicImportance | ImplementationStage | Explanation | AI_semantic_score | AI_semantic_index_0_100 | api_status | scored_at | attempts_used
poe_ai_semantic_scores_test100_v1_2.csv,C:\Users\LinDengdeng\Desktop\ai project\poe_ai_semantic_scores_test100_v1_2.csv,ok,34,file_name | filing_id | cik | form | filing_date | filing_year | fiscal_year | evidence_only_text | evidence_terms | n_evidence_windows | evidence_char_len | filing_context_text | filing_context_char_len | evidence_text | combined_input_char_len | status | error | has_digital_evidence | has_context | InvestmentType | StrategicImportance | ImplementationStage | TimeHorizon | DigitalRelevance | Confidence | Explanation | AI_semantic_score | AI_semantic_index_0_100 | raw_response | api_status | api_error | poe_model | scored_at | attempts_used,cik,cik | filing_date | filing_year | fiscal_year | status | StrategicImportance | ImplementationStage | Explanation | AI_semantic_score | AI_semantic_index_0_100 | api_status | scored_at | attempts_used
poe_ai_semantic_scores_test20.csv,C:\Users\LinDengdeng\Desktop\ai project\poe_ai_semantic_scores_test20.csv,ok,28,file_name | filing_id | cik | form | filing_date | filing_year | fiscal_year | evidence_text | evidence_terms | n_evidence_windows | evidence_char_len | status | error | has_digital_evidence | InvestmentType | StrategicImportance | ImplementationStage | TimeHorizon | DigitalRelevance | Confidence | Explanation | raw_response | api_status | api_error | AI_semantic_score | AI_semantic_index_0_100 | poe_model | scored_at,cik,cik | filing_date | filing_year | fiscal_year | status | StrategicImportance | ImplementationStage | Explanation | api_status | AI_semantic_score | AI_semantic_index_0_100 | scored_at
poe_ai_semantic_scores_test20_v1_2.csv,C:\Users\LinDengdeng\Desktop\ai project\poe_ai_semantic_scores_test20_v1_2.csv,ok,34,file_name | filing_id | cik | form | filing_date | filing_year | fiscal_year | evidence_only_text | evidence_terms | n_evidence_windows | evidence_char_len | filing_context_text | filing_context_char_len | evidence_text | combined_input_char_len | status | error | has_digital_evidence | has_context | InvestmentType | StrategicImportance | ImplementationStage | TimeHorizon | DigitalRelevance | Confidence | Explanation | AI_semantic_score | AI_semantic_index_0_100 | raw_response | api_status | api_error | poe_model | scored_at | attempts_used,cik,cik | filing_date | filing_year | fiscal_year | status | StrategicImportance | ImplementationStage | Explanation | AI_semantic_score | AI_semantic_index_0_100 | api_status | scored_at | attempts_used
poe_ai_semantic_scores_test20_v1_2_fixed.csv,C:\Users\LinDengdeng\Desktop\ai project\poe_ai_semantic_scores_test20_v1_2_fixed.csv,ok,34,file_name | filing_id | cik | form | filing_date | filing_year | fiscal_year | evidence_only_text | evidence_terms | n_evidence_windows | evidence_char_len | filing_context_text | filing_context_char_len | evidence_text | combined_input_char_len | status | error | has_digital_evidence | has_context | InvestmentType | StrategicImportance | ImplementationStage | TimeHorizon | DigitalRelevance | Confidence | Explanation | AI_semantic_score | AI_semantic_index_0_100 | raw_response | api_status | api_error | poe_model | scored_at | attempts_used,cik,cik | filing_date | filing_year | fiscal_year | status | StrategicImportance | ImplementationStage | Explanation | AI_semantic_score | AI_semantic_index_0_100 | api_status | scored_at | attempts_used
poe_full_vs_evidence_input_test100_v1_3.csv,C:\Users\LinDengdeng\Desktop\ai project\poe_full_vs_evidence_input_test100_v1_3.csv,ok,25,file_name | filing_id | cik | form | filing_date | filing_year | fiscal_year | evidence_only_text | evidence_terms | n_evidence_windows | evidence_char_len | filing_context_text | filing_context_char_len | evidence_text | combined_input_char_len | status | error | has_digital_evidence | has_context | evidence_char_len_num | evidence_bucket | form_upper | full_document_text | full_document_char_len | full_document_status,cik,cik | filing_date | filing_year | fiscal_year | status | full_document_status
poe_full_vs_evidence_input_test30_v1_2.csv,C:\Users\LinDengdeng\Desktop\ai project\poe_full_vs_evidence_input_test30_v1_2.csv,ok,25,file_name | filing_id | cik | form | filing_date | filing_year | fiscal_year | evidence_only_text | evidence_terms | n_evidence_windows | evidence_char_len | filing_context_text | filing_context_char_len | evidence_text | combined_input_char_len | status | error | has_digital_evidence | has_context | form_upper | evidence_char_len_num | AI_sample_bucket | full_document_text | full_document_char_len | full_document_status,cik,cik | filing_date | filing_year | fiscal_year | status | full_document_status
poe_full_vs_evidence_scores_test100_v1_3.csv,C:\Users\LinDengdeng\Desktop\ai project\poe_full_vs_evidence_scores_test100_v1_3.csv,ok,24,filing_id | file_name | cik | form | filing_date | fiscal_year | input_mode | text_col | text_char_len | InvestmentType | StrategicImportance | ImplementationStage | TimeHorizon | DigitalRelevance | Confidence | Explanation | AI_semantic_score | AI_semantic_index_0_100 | raw_response | api_status | api_error | poe_model | attempts_used | scored_at,cik,cik | filing_date | fiscal_year | StrategicImportance | ImplementationStage | Explanation | AI_semantic_score | AI_semantic_index_0_100 | api_status | attempts_used | scored_at
poe_full_vs_evidence_scores_test30_v1_2.csv,C:\Users\LinDengdeng\Desktop\ai project\poe_full_vs_evidence_scores_test30_v1_2.csv,ok,24,filing_id | file_name | cik | form | filing_date | fiscal_year | input_mode | text_col | text_char_len | InvestmentType | StrategicImportance | ImplementationStage | TimeHorizon | DigitalRelevance | Confidence | Explanation | AI_semantic_score | AI_semantic_index_0_100 | raw_response | api_status | api_error | poe_model | attempts_used | scored_at,cik,cik | filing_date | fiscal_year | StrategicImportance | ImplementationStage | Explanation | AI_semantic_score | AI_semantic_index_0_100 | api_status | attempts_used | scored_at
research_ready_bank_covid_panel_2020_2022.csv,C:\Users\LinDengdeng\Desktop\ai project\research_ready_bank_covid_panel_2020_2022.csv,ok,81,YEAR | CERT | NAMEFULL_x | n_branches | total_branch_deposits | bank_assets | bank_deposits | n_states | n_counties | n_msas | branch_lag | branch_growth | deposit_lag | deposit_growth | log_n_branches | log_total_branch_deposits | log_bank_assets | log_bank_deposits | bank_size_category | n_branches_lag | bank_assets_lag | bank_deposits_lag | delta_n_branches | asset_growth | bank_deposit_growth | n_base_branches | base_total_branch_deposits | branch_exp_avg_cases_per_100k_deposit_w | branch_exp_avg_cases_per_100k_equal_w | branch_exp_max_cases_per_100k_deposit_w | branch_exp_max_cases_per_100k_equal_w | branch_exp_avg_deaths_per_100k_deposit_w | branch_exp_avg_deaths_per_100k_equal_w | branch_exp_max_deaths_per_100k_deposit_w | branch_exp_max_deaths_per_100k_equal_w | branch_exp_covid_health_shock_deposit_w | branch_exp_covid_health_shock_equal_w | branch_exp_covid_health_shock_peak_deposit_w | branch_exp_covid_health_shock_peak_equal_w | branch_exp_covid_case_shock_deposit_w | branch_exp_covid_case_shock_equal_w | branch_exp_covid_policy_shock_deposit_w | branch_exp_covid_policy_shock_equal_w | branch_exp_covid_policy_shock_containment_deposit_w | branch_exp_covid_policy_shock_containment_equal_w | branch_exp_covid_policy_shock_government_response_deposit_w | branch_exp_covid_policy_shock_government_response_equal_w | NAMEFULL_y | hq_county_fips | hq_state | bank_assets_2019 | bank_deposits_2019 | hq_avg_cases_per_100k | hq_max_cases_per_100k | hq_avg_deaths_per_100k | hq_max_deaths_per_100k | hq_z_avg_cases_per_100k | hq_z_max_cases_per_100k | hq_z_avg_deaths_per_100k | hq_z_max_deaths_per_100k | hq_covid_health_shock | hq_covid_health_shock_peak | hq_covid_case_shock | hq_policy_stringency | hq_policy_government_response | hq_policy_containment_health | hq_policy_economic_support | hq_n_policy_days | hq_z_policy_stringency | hq_z_policy_government_response | hq_z_policy_containment_health | hq_z_policy_economic_support | hq_covid_policy_shock | hq_covid_policy_shock_containment | hq_covid_policy_shock_government_response | covid_health_exposure_main | covid_policy_exposure_main | covid_case_exposure_main | covid_overall_exposure_main | covid_health_exposure_branch_hq,YEAR,YEAR | total_branch_deposits | bank_assets | bank_deposits | n_states | log_total_branch_deposits | log_bank_assets | log_bank_deposits | bank_size_category | bank_assets_lag | bank_deposits_lag | asset_growth | base_total_branch_deposits | branch_exp_avg_cases_per_100k_deposit_w | branch_exp_avg_cases_per_100k_equal_w | branch_exp_max_cases_per_100k_deposit_w | branch_exp_max_cases_per_100k_equal_w | branch_exp_avg_deaths_per_100k_deposit_w | branch_exp_avg_deaths_per_100k_equal_w | branch_exp_max_deaths_per_100k_deposit_w | branch_exp_max_deaths_per_100k_equal_w | branch_exp_covid_health_shock_deposit_w | branch_exp_covid_health_shock_equal_w | branch_exp_covid_health_shock_peak_deposit_w | branch_exp_covid_health_shock_peak_equal_w | branch_exp_covid_case_shock_deposit_w | branch_exp_covid_case_shock_equal_w | branch_exp_covid_policy_shock_deposit_w | branch_exp_covid_policy_shock_equal_w | branch_exp_covid_policy_shock_containment_deposit_w | branch_exp_covid_policy_shock_containment_equal_w | branch_exp_covid_policy_shock_government_response_deposit_w | branch_exp_covid_policy_shock_government_response_equal_w | hq_state | bank_assets_2019 | bank_deposits_2019 | hq_avg_cases_per_100k | hq_max_cases_per_100k | hq_avg_deaths_per_100k | hq_max_deaths_per_100k | hq_z_avg_cases_per_100k | hq_z_max_cases_per_100k | hq_z_avg_deaths_per_100k | hq_z_max_deaths_per_100k | hq_covid_health_shock | hq_covid_health_shock_peak | hq_covid_case_shock | hq_policy_stringency | hq_policy_government_response | hq_policy_containment_health | hq_policy_economic_support | hq_n_policy_days | hq_z_policy_stringency | hq_z_policy_government_response | hq_z_policy_containment_health | hq_z_policy_economic_support | hq_covid_policy_shock | hq_covid_policy_shock_containment | hq_covid_policy_shock_government_response | covid_health_exposure_main | covid_policy_exposure_main | covid_case_exposure_main | covid_overall_exposure_main | covid_health_exposure_branch_hq | covid_policy_exposure_branch_hq
research_ready_bank_panel_2018_2025.csv,C:\Users\LinDengdeng\Desktop\ai project\research_ready_bank_panel_2018_2025.csv,ok,25,YEAR | CERT | NAMEFULL | n_branches | total_branch_deposits | bank_assets | bank_deposits | n_states | n_counties | n_msas | branch_lag | branch_growth | deposit_lag | deposit_growth | log_n_branches | log_total_branch_deposits | log_bank_assets | log_bank_deposits | bank_size_category | n_branches_lag | bank_assets_lag | bank_deposits_lag | delta_n_branches | asset_growth | bank_deposit_growth,YEAR,YEAR | total_branch_deposits | bank_assets | bank_deposits | n_states | log_total_branch_deposits | log_bank_assets | log_bank_deposits | bank_size_category | bank_assets_lag | bank_deposits_lag | asset_growth
research_ready_county_market_panel_2018_2025.csv,C:\Users\LinDengdeng\Desktop\ai project\research_ready_county_market_panel_2018_2025.csv,ok,22,YEAR | STCNTYBR | CNTYNAMB | STALPBR | market_deposits | n_branches | n_banks | HHI | max_market_share | log_market_deposits | log_n_branches | log_n_banks | competition_index | concentration_category | market_deposits_lag | HHI_lag | n_banks_lag | n_branches_lag | market_deposit_growth | delta_HHI | delta_n_banks | delta_n_branches,YEAR,YEAR | market_deposits | log_market_deposits | concentration_category | market_deposits_lag
research_ready_stock_covid_panel_2020_2022.csv,C:\Users\LinDengdeng\Desktop\ai project\research_ready_stock_covid_panel_2020_2022.csv,ok,74,GVKEY | datadate | fyearq | fqtr | indfmt | consol | popsrc | datafmt | tic | curcdq | datacqtr | datafqtr | atq | cshoq | niq | costat | prccq | sic | YEAR | CONM | TIC | CUSIP | CIK | SIC | NAICS | PERMCO | PERMNO | LPERMCO | LPERMNO | LINKDT | LINKENDDT | LINKTYPE | LINKPRIM | RSSDID | RSSDHCR | FRB_NAME | FRB_INST_TYPE | RSSD_START_DATE | RSSD_END_DATE | LINK_OVERLAP | LINK_OVERLAP_FLAG | NAMEHCR | n_base_branches_hcr | n_base_bank_subsidiaries | base_total_branch_deposits_hcr | hcr_exp_avg_cases_per_100k_deposit_w | hcr_exp_avg_cases_per_100k_equal_w | hcr_exp_max_cases_per_100k_deposit_w | hcr_exp_max_cases_per_100k_equal_w | hcr_exp_avg_deaths_per_100k_deposit_w | hcr_exp_avg_deaths_per_100k_equal_w | hcr_exp_max_deaths_per_100k_deposit_w | hcr_exp_max_deaths_per_100k_equal_w | hcr_exp_covid_health_shock_deposit_w | hcr_exp_covid_health_shock_equal_w | hcr_exp_covid_health_shock_peak_deposit_w | hcr_exp_covid_health_shock_peak_equal_w | hcr_exp_covid_case_shock_deposit_w | hcr_exp_covid_case_shock_equal_w | hcr_exp_covid_policy_shock_deposit_w | hcr_exp_covid_policy_shock_equal_w | hcr_exp_covid_policy_shock_containment_deposit_w | hcr_exp_covid_policy_shock_containment_equal_w | hcr_exp_covid_policy_shock_government_response_deposit_w | hcr_exp_covid_policy_shock_government_response_equal_w | covid_health_exposure_main_hcr | covid_case_exposure_main_hcr | covid_policy_exposure_main_hcr | covid_overall_exposure_main_hcr | mktcap_q | roa_q | log_assets_q | log_mktcap_q | year_quarter,GVKEY | datadate | tic | YEAR | TIC | CIK,GVKEY | datadate | fyearq | datafmt | tic | datacqtr | datafqtr | atq | niq | costat | YEAR | TIC | CIK | RSSD_START_DATE | RSSD_END_DATE | base_total_branch_deposits_hcr | hcr_exp_avg_cases_per_100k_deposit_w | hcr_exp_avg_cases_per_100k_equal_w | hcr_exp_max_cases_per_100k_deposit_w | hcr_exp_max_cases_per_100k_equal_w | hcr_exp_avg_deaths_per_100k_deposit_w | hcr_exp_avg_deaths_per_100k_equal_w | hcr_exp_max_deaths_per_100k_deposit_w | hcr_exp_max_deaths_per_100k_equal_w | hcr_exp_covid_health_shock_deposit_w | hcr_exp_covid_health_shock_equal_w | hcr_exp_covid_health_shock_peak_deposit_w | hcr_exp_covid_health_shock_peak_equal_w | hcr_exp_covid_case_shock_deposit_w | hcr_exp_covid_case_shock_equal_w | hcr_exp_covid_policy_shock_deposit_w | hcr_exp_covid_policy_shock_equal_w | hcr_exp_covid_policy_shock_containment_deposit_w | hcr_exp_covid_policy_shock_containment_equal_w | hcr_exp_covid_policy_shock_government_response_deposit_w | hcr_exp_covid_policy_shock_government_response_equal_w | covid_health_exposure_main_hcr | covid_case_exposure_main_hcr | covid_policy_exposure_main_hcr | covid_overall_exposure_main_hcr | roa_q | log_assets_q | year_quarter
research_ready_stock_covid_panel_2020_2022_time_aware.csv,C:\Users\LinDengdeng\Desktop\ai project\research_ready_stock_covid_panel_2020_2022_time_aware.csv,ok,82,_stock_row_id | GVKEY | datadate | fyearq | fqtr | indfmt | consol | popsrc | datafmt | tic | curcdq | datacqtr | datafqtr | atq | cshoq | niq | costat | prccq | sic | YEAR | CONM | TIC | CUSIP | CIK | SIC | NAICS | PERMCO | PERMNO | LPERMCO | LPERMNO | LINKDT | LINKENDDT | LINKTYPE | LINKPRIM | RSSDID | RSSDHCR | FRB_NAME | FRB_INST_TYPE | RSSD_START_DATE | RSSD_END_DATE | LINK_OVERLAP | LINKDT_FILLED | LINKENDDT_FILLED | RSSD_START_DATE_FILLED | RSSD_END_DATE_FILLED | active_ccm_link | active_rssd_link | active_both_links | link_priority | linkprim_priority | NAMEHCR | n_base_branches_hcr | n_base_bank_subsidiaries | base_total_branch_deposits_hcr | hcr_exp_avg_cases_per_100k_deposit_w | hcr_exp_avg_cases_per_100k_equal_w | hcr_exp_max_cases_per_100k_deposit_w | hcr_exp_max_cases_per_100k_equal_w | hcr_exp_avg_deaths_per_100k_deposit_w | hcr_exp_avg_deaths_per_100k_equal_w | hcr_exp_max_deaths_per_100k_deposit_w | hcr_exp_max_deaths_per_100k_equal_w | hcr_exp_covid_health_shock_deposit_w | hcr_exp_covid_health_shock_equal_w | hcr_exp_covid_health_shock_peak_deposit_w | hcr_exp_covid_health_shock_peak_equal_w | hcr_exp_covid_case_shock_deposit_w | hcr_exp_covid_case_shock_equal_w | hcr_exp_covid_policy_shock_deposit_w | hcr_exp_covid_policy_shock_equal_w | hcr_exp_covid_policy_shock_containment_deposit_w | hcr_exp_covid_policy_shock_containment_equal_w | hcr_exp_covid_policy_shock_government_response_deposit_w | hcr_exp_covid_policy_shock_government_response_equal_w | covid_health_exposure_main_hcr | covid_case_exposure_main_hcr | covid_policy_exposure_main_hcr | covid_overall_exposure_main_hcr | mktcap_q | roa_q,GVKEY | datadate | tic | YEAR | TIC | CIK,GVKEY | datadate | fyearq | datafmt | tic | datacqtr | datafqtr | atq | niq | costat | YEAR | TIC | CIK | RSSD_START_DATE | RSSD_END_DATE | RSSD_START_DATE_FILLED | RSSD_END_DATE_FILLED | base_total_branch_deposits_hcr | hcr_exp_avg_cases_per_100k_deposit_w | hcr_exp_avg_cases_per_100k_equal_w | hcr_exp_max_cases_per_100k_deposit_w | hcr_exp_max_cases_per_100k_equal_w | hcr_exp_avg_deaths_per_100k_deposit_w | hcr_exp_avg_deaths_per_100k_equal_w | hcr_exp_max_deaths_per_100k_deposit_w | hcr_exp_max_deaths_per_100k_equal_w | hcr_exp_covid_health_shock_deposit_w | hcr_exp_covid_health_shock_equal_w | hcr_exp_covid_health_shock_peak_deposit_w | hcr_exp_covid_health_shock_peak_equal_w | hcr_exp_covid_case_shock_deposit_w | hcr_exp_covid_case_shock_equal_w | hcr_exp_covid_policy_shock_deposit_w | hcr_exp_covid_policy_shock_equal_w | hcr_exp_covid_policy_shock_containment_deposit_w | hcr_exp_covid_policy_shock_containment_equal_w | hcr_exp_covid_policy_shock_government_response_deposit_w | hcr_exp_covid_policy_shock_government_response_equal_w | covid_health_exposure_main_hcr | covid_case_exposure_main_hcr | covid_policy_exposure_main_hcr | covid_overall_exposure_main_hcr | roa_q | log_assets_q
revised_traditional_filing_level_scores_v2.csv,C:\Users\LinDengdeng\Desktop\ai project\revised_traditional_filing_level_scores_v2.csv,ok,11,CIK | accession_number | clean_text_path | total_words_v2 | deployment_count_v2 | capability_count_v2 | risk_count_v2 | deployment_density_v2 | capability_density_v2 | risk_density_v2 | status_v2,CIK,CIK | clean_text_path | status_v2
sec_10k_10q_submissions_index.csv,C:\Users\LinDengdeng\Desktop\ai project\sec_10k_10q_submissions_index.csv,ok,11,CIK | CIK10 | company_name_sec | form | filing_date | report_date | accession_number | primary_document | primary_doc_description | report_year | report_month,CIK,CIK | CIK10 | filing_date | report_date | report_year
sec_10k_10q_submissions_index_2018_2024.csv,C:\Users\LinDengdeng\Desktop\ai project\sec_10k_10q_submissions_index_2018_2024.csv,ok,11,CIK | CIK10 | company_name_sec | form | filing_date | report_date | accession_number | primary_document | primary_doc_description | report_year | report_quarter,CIK,CIK | CIK10 | filing_date | report_date | report_year
sec_clean_text_index_2018_2024.csv,C:\Users\LinDengdeng\Desktop\ai project\sec_clean_text_index_2018_2024.csv,ok,8,CIK | form | filing_date | accession_number | raw_path | clean_text_path | text_length | status,CIK,CIK | filing_date | raw_path | clean_text_path | status
sec_digital_filing_level_scores_2018_2024.csv,C:\Users\LinDengdeng\Desktop\ai project\sec_digital_filing_level_scores_2018_2024.csv,ok,19,CIK | accession_number | clean_text_path | text_length | total_words | deployment_keyword_count | capability_keyword_count | ai_data_keyword_count | risk_keyword_count | deployment_keyword_density | capability_keyword_density | ai_data_keyword_density | risk_keyword_density | n_keyword_hits | n_windows | matched_keywords | keyword_windows | has_digital_keywords | processing_status,CIK,CIK | clean_text_path | ai_data_keyword_count | ai_data_keyword_density | matched_keywords | processing_status
sec_digital_windows_traditional_scores_2018_2024.csv,C:\Users\LinDengdeng\Desktop\ai project\sec_digital_windows_traditional_scores_2018_2024.csv,ok,42,GVKEY | tic | CIK | YEAR | fqtr | datadate | expected_form | CIK10 | company_name_sec | form | filing_date | report_date | accession_number | primary_document | primary_doc_description | report_year | report_quarter | date_distance | sec_document_url | clean_text_path | text_length | status | total_words | deployment_keyword_count | capability_keyword_count | ai_data_keyword_count | risk_keyword_count | deployment_keyword_density | capability_keyword_density | ai_data_keyword_density | risk_keyword_density | n_keyword_hits | n_windows | matched_keywords | keyword_windows | has_digital_keywords | processing_status | z_deployment_density | z_capability_density | z_ai_data_density | z_risk_density | traditional_deployment_score,GVKEY | tic | CIK | YEAR | datadate,GVKEY | tic | CIK | YEAR | datadate | CIK10 | filing_date | report_date | report_year | date_distance | clean_text_path | status | ai_data_keyword_count | ai_data_keyword_density | matched_keywords | processing_status | z_ai_data_density
sec_filing_download_log_2018_2024.csv,C:\Users\LinDengdeng\Desktop\ai project\sec_filing_download_log_2018_2024.csv,ok,7,CIK | form | filing_date | accession_number | url | local_path | status,CIK,CIK | filing_date | local_path | status
sec_filing_download_log_checkpoint.csv,C:\Users\LinDengdeng\Desktop\ai project\sec_filing_download_log_checkpoint.csv,ok,9,CIK | form | filing_date | accession_number | primary_document | url | local_path | status | bytes,CIK,CIK | filing_date | local_path | status
sec_filing_keyword_summary_v2_2018_2024.csv,C:\Users\LinDengdeng\Desktop\ai project\sec_filing_keyword_summary_v2_2018_2024.csv,ok,22,GVKEY | tic | CIK | YEAR | fqtr | datadate | expected_form | form | filing_date | report_date | accession_number | primary_document | total_keyword_hits | n_unique_keywords | deployment_hits | capability_hits | risk_hits | total_words | total_keyword_density_per_1000_words | deployment_density_per_1000_words | capability_density_per_1000_words | risk_density_per_1000_words,GVKEY | tic | CIK | YEAR | datadate,GVKEY | tic | CIK | YEAR | datadate | filing_date | report_date | n_unique_keywords
sec_filing_matches_2018_2024.csv,C:\Users\LinDengdeng\Desktop\ai project\sec_filing_matches_2018_2024.csv,ok,19,GVKEY | tic | CIK | YEAR | fqtr | datadate | expected_form | CIK10 | company_name_sec | form | filing_date | report_date | accession_number | primary_document | primary_doc_description | report_year | report_quarter | date_distance | sec_document_url,GVKEY | tic | CIK | YEAR | datadate,GVKEY | tic | CIK | YEAR | datadate | CIK10 | filing_date | report_date | report_year | date_distance
sec_filing_matches_2020_2022.csv,C:\Users\LinDengdeng\Desktop\ai project\sec_filing_matches_2020_2022.csv,ok,20,GVKEY | tic | CIK | YEAR | fqtr | datadate | expected_form | CIK10 | company_name_sec | form | filing_date | report_date | accession_number | primary_document | primary_doc_description | report_year | report_month | report_quarter | date_distance | sec_document_url,GVKEY | tic | CIK | YEAR | datadate,GVKEY | tic | CIK | YEAR | datadate | CIK10 | filing_date | report_date | report_year | date_distance
sec_filing_targets_2018_2024.csv,C:\Users\LinDengdeng\Desktop\ai project\sec_filing_targets_2018_2024.csv,ok,7,GVKEY | tic | CIK | YEAR | fqtr | datadate | expected_form,GVKEY | tic | CIK | YEAR | datadate,GVKEY | tic | CIK | YEAR | datadate
sec_filing_targets_2020_2022.csv,C:\Users\LinDengdeng\Desktop\ai project\sec_filing_targets_2020_2022.csv,ok,7,GVKEY | tic | CIK | YEAR | fqtr | datadate | expected_form,GVKEY | tic | CIK | YEAR | datadate,GVKEY | tic | CIK | YEAR | datadate
sec_keyword_level_hits_v2_2018_2024.csv,C:\Users\LinDengdeng\Desktop\ai project\sec_keyword_level_hits_v2_2018_2024.csv,ok,18,GVKEY | tic | CIK | YEAR | fqtr | datadate | expected_form | form | filing_date | report_date | accession_number | primary_document | clean_text_path | category | keyword | keyword_count | total_words | keyword_density_per_1000_words,GVKEY | tic | CIK | YEAR | datadate,GVKEY | tic | CIK | YEAR | datadate | filing_date | report_date | clean_text_path | category
sec_keyword_summary_by_year_v2_2018_2024.csv,C:\Users\LinDengdeng\Desktop\ai project\sec_keyword_summary_by_year_v2_2018_2024.csv,ok,6,YEAR | category | keyword | total_count | n_filings_mentioned | mean_density_when_mentioned,YEAR,YEAR | category
sec_keyword_summary_total_v2_2018_2024.csv,C:\Users\LinDengdeng\Desktop\ai project\sec_keyword_summary_total_v2_2018_2024.csv,ok,7,category | keyword | total_count | n_filings_mentioned | mean_count_when_mentioned | median_count_when_mentioned | mean_density_when_mentioned,,category
sec_keyword_windows_v2_2018_2024.csv,C:\Users\LinDengdeng\Desktop\ai project\sec_keyword_windows_v2_2018_2024.csv,ok,19,GVKEY | tic | CIK | YEAR | fqtr | datadate | expected_form | form | filing_date | report_date | accession_number | primary_document | clean_text_path | n_keyword_hits_all_terms | n_windows | matched_keywords_unique | keyword_windows | has_digital_keywords | read_status,GVKEY | tic | CIK | YEAR | datadate,GVKEY | tic | CIK | YEAR | datadate | filing_date | report_date | clean_text_path | matched_keywords_unique | read_status
sec_revised_traditional_digital_scores_v2_2018_2024.csv,C:\Users\LinDengdeng\Desktop\ai project\sec_revised_traditional_digital_scores_v2_2018_2024.csv,ok,36,GVKEY | tic | CIK | YEAR | fqtr | datadate | expected_form | CIK10 | company_name_sec | form | filing_date | report_date | accession_number | primary_document | primary_doc_description | report_year | report_quarter | date_distance | sec_document_url | clean_text_path | text_length | total_words_v2 | deployment_count_v2 | capability_count_v2 | risk_count_v2 | deployment_density_v2 | capability_density_v2 | risk_density_v2 | status_v2 | z_deployment_density_v2 | z_capability_density_v2 | z_risk_density_v2 | traditional_digital_deployment_score_v2 | traditional_customer_channel_intensity_v2 | traditional_capability_intensity_v2 | traditional_risk_intensity_v2,GVKEY | tic | CIK | YEAR | datadate,GVKEY | tic | CIK | YEAR | datadate | CIK10 | filing_date | report_date | report_year | date_distance | clean_text_path | status_v2
sod_bank_panel_2018_2025.csv,C:\Users\LinDengdeng\Desktop\ai project\sod_bank_panel_2018_2025.csv,ok,18,YEAR | CERT | NAMEFULL | n_branches | total_branch_deposits | bank_assets | bank_deposits | n_states | n_counties | n_msas | branch_lag | branch_growth | deposit_lag | deposit_growth | log_n_branches | log_total_branch_deposits | log_bank_assets | log_bank_deposits,YEAR,YEAR | total_branch_deposits | bank_assets | bank_deposits | n_states | log_total_branch_deposits | log_bank_assets | log_bank_deposits
sod_branch_change_panel_2018_2025.csv,C:\Users\LinDengdeng\Desktop\ai project\sod_branch_change_panel_2018_2025.csv,ok,50,YEAR | CERT | NAMEFULL | ADDRESBR | BRNUM | UNINUMBR | STALPBR | ASSET | BKCLASS | CALL | CHARTER | CHRTAGNT | CITY | DEPDOM | DEPSUM | RSSDID | STALP | STCNTY | STNAME | ZIP | BRSERTYP | CITYBR | CNTYNAMB | CNTYNUMB | CSABR | CSANAMBR | DEPSUMBR | METROBR | MICROBR | MSABR | MSANAMB | NAMEBR | SIMS_ACQUIRED_DATE | SIMS_DESCRIPTION | SIMS_ESTABLISHED_DATE | SIMS_LATITUDE | SIMS_LONGITUDE | STCNTYBR | STNAMEBR | ZIPBR | HCTMULT | NAMEHCR | RSSDHCR | deposit_lag | deposit_growth | log_branch_deposits | observed_prev_year | observed_next_year | entry_in_sample | exit_in_sample,YEAR,YEAR | UNINUMBR | ASSET | SIMS_ACQUIRED_DATE | SIMS_ESTABLISHED_DATE | SIMS_LATITUDE | log_branch_deposits | observed_prev_year | observed_next_year
sod_branch_panel_2018_2025.csv,C:\Users\LinDengdeng\Desktop\ai project\sod_branch_panel_2018_2025.csv,ok,43,YEAR | CERT | NAMEFULL | ADDRESBR | BRNUM | UNINUMBR | STALPBR | ASSET | BKCLASS | CALL | CHARTER | CHRTAGNT | CITY | DEPDOM | DEPSUM | RSSDID | STALP | STCNTY | STNAME | ZIP | BRSERTYP | CITYBR | CNTYNAMB | CNTYNUMB | CSABR | CSANAMBR | DEPSUMBR | METROBR | MICROBR | MSABR | MSANAMB | NAMEBR | SIMS_ACQUIRED_DATE | SIMS_DESCRIPTION | SIMS_ESTABLISHED_DATE | SIMS_LATITUDE | SIMS_LONGITUDE | STCNTYBR | STNAMEBR | ZIPBR | HCTMULT | NAMEHCR | RSSDHCR,YEAR,YEAR | UNINUMBR | ASSET | SIMS_ACQUIRED_DATE | SIMS_ESTABLISHED_DATE | SIMS_LATITUDE
sod_county_market_panel_2018_2025.csv,C:\Users\LinDengdeng\Desktop\ai project\sod_county_market_panel_2018_2025.csv,ok,13,YEAR | STCNTYBR | CNTYNAMB | STALPBR | market_deposits | n_branches | n_banks | HHI | max_market_share | log_market_deposits | log_n_branches | log_n_banks | competition_index,YEAR,YEAR | market_deposits | log_market_deposits
SOD_CustomDownload_ALL_2018_06_30.csv,C:\Users\LinDengdeng\Desktop\ai project\SOD_CustomDownload_ALL_2018_06_30.csv,ok,79,YEAR | CERT | NAMEFULL | ADDRESBR | BRNUM | UNINUMBR | STALPBR | ADDRESS | ASSET | BKCLASS | CALL | CHARTER | CHRTAGNN | CHRTAGNT | CITY | CLCODE | CNTRYNA | DENOVO | DEPDOM | DEPSUM | DOCKET | ESCROW | FDICDBS | FDICNAME | FED | FEDNAME | INSAGNT1 | INSBRDD | INSBRTS | INSURED | OCCDIST | OCCNAME | REGAGNT | RSSDID | SPECDESC | SPECGRP | STALP | STCNTY | STNAME | UNIT | ZIP | BKMO | BRCENM | BRSERTYP | CBSA_DIV_NAMB | CITY2BR | CITYBR | CNTRYNAB | CNTYNAMB | CNTYNUMB | CONSOLD | CSABR | CSANAMBR | DEPSUMBR | DIVISIONB | METROBR | MICROBR | MSABR | MSANAMB | NAMEBR | NECNAMB | NECTABR | PLACENUM | SIMS_ACQUIRED_DATE | SIMS_DESCRIPTION | SIMS_ESTABLISHED_DATE | SIMS_LATITUDE | SIMS_LONGITUDE | SIMS_PROJECTION | STCNTYBR | STNAMEBR | STNUMBR | USA | ZIPBR | CITYHCR | HCTMULT | NAMEHCR | RSSDHCR | STALPHCR,YEAR,YEAR | UNINUMBR | ASSET | UNIT | SIMS_ACQUIRED_DATE | SIMS_ESTABLISHED_DATE | SIMS_LATITUDE
SOD_CustomDownload_ALL_2019_06_30.csv,C:\Users\LinDengdeng\Desktop\ai project\SOD_CustomDownload_ALL_2019_06_30.csv,ok,79,YEAR | CERT | NAMEFULL | ADDRESBR | BRNUM | UNINUMBR | STALPBR | ADDRESS | ASSET | BKCLASS | CALL | CHARTER | CHRTAGNN | CHRTAGNT | CITY | CLCODE | CNTRYNA | DENOVO | DEPDOM | DEPSUM | DOCKET | ESCROW | FDICDBS | FDICNAME | FED | FEDNAME | INSAGNT1 | INSBRDD | INSBRTS | INSURED | OCCDIST | OCCNAME | REGAGNT | RSSDID | SPECDESC | SPECGRP | STALP | STCNTY | STNAME | UNIT | ZIP | BKMO | BRCENM | BRSERTYP | CBSA_DIV_NAMB | CITY2BR | CITYBR | CNTRYNAB | CNTYNAMB | CNTYNUMB | CONSOLD | CSABR | CSANAMBR | DEPSUMBR | DIVISIONB | METROBR | MICROBR | MSABR | MSANAMB | NAMEBR | NECNAMB | NECTABR | PLACENUM | SIMS_ACQUIRED_DATE | SIMS_DESCRIPTION | SIMS_ESTABLISHED_DATE | SIMS_LATITUDE | SIMS_LONGITUDE | SIMS_PROJECTION | STCNTYBR | STNAMEBR | STNUMBR | USA | ZIPBR | CITYHCR | HCTMULT | NAMEHCR | RSSDHCR | STALPHCR,YEAR,YEAR | UNINUMBR | ASSET | UNIT | SIMS_ACQUIRED_DATE | SIMS_ESTABLISHED_DATE | SIMS_LATITUDE
SOD_CustomDownload_ALL_2020_06_30.csv,C:\Users\LinDengdeng\Desktop\ai project\SOD_CustomDownload_ALL_2020_06_30.csv,ok,79,YEAR | CERT | NAMEFULL | ADDRESBR | BRNUM | UNINUMBR | STALPBR | ADDRESS | ASSET | BKCLASS | CALL | CHARTER | CHRTAGNN | CHRTAGNT | CITY | CLCODE | CNTRYNA | DENOVO | DEPDOM | DEPSUM | DOCKET | ESCROW | FDICDBS | FDICNAME | FED | FEDNAME | INSAGNT1 | INSBRDD | INSBRTS | INSURED | OCCDIST | OCCNAME | REGAGNT | RSSDID | SPECDESC | SPECGRP | STALP | STCNTY | STNAME | UNIT | ZIP | BKMO | BRCENM | BRSERTYP | CBSA_DIV_NAMB | CITY2BR | CITYBR | CNTRYNAB | CNTYNAMB | CNTYNUMB | CONSOLD | CSABR | CSANAMBR | DEPSUMBR | DIVISIONB | METROBR | MICROBR | MSABR | MSANAMB | NAMEBR | NECNAMB | NECTABR | PLACENUM | SIMS_ACQUIRED_DATE | SIMS_DESCRIPTION | SIMS_ESTABLISHED_DATE | SIMS_LATITUDE | SIMS_LONGITUDE | SIMS_PROJECTION | STCNTYBR | STNAMEBR | STNUMBR | USA | ZIPBR | CITYHCR | HCTMULT | NAMEHCR | RSSDHCR | STALPHCR,YEAR,YEAR | UNINUMBR | ASSET | UNIT | SIMS_ACQUIRED_DATE | SIMS_ESTABLISHED_DATE | SIMS_LATITUDE
SOD_CustomDownload_ALL_2021_06_30.csv,C:\Users\LinDengdeng\Desktop\ai project\SOD_CustomDownload_ALL_2021_06_30.csv,ok,79,YEAR | CERT | NAMEFULL | ADDRESBR | BRNUM | UNINUMBR | STALPBR | ADDRESS | ASSET | BKCLASS | CALL | CHARTER | CHRTAGNN | CHRTAGNT | CITY | CLCODE | CNTRYNA | DENOVO | DEPDOM | DEPSUM | DOCKET | ESCROW | FDICDBS | FDICNAME | FED | FEDNAME | INSAGNT1 | INSBRDD | INSBRTS | INSURED | OCCDIST | OCCNAME | REGAGNT | RSSDID | SPECDESC | SPECGRP | STALP | STCNTY | STNAME | UNIT | ZIP | BKMO | BRCENM | BRSERTYP | CBSA_DIV_NAMB | CITY2BR | CITYBR | CNTRYNAB | CNTYNAMB | CNTYNUMB | CONSOLD | CSABR | CSANAMBR | DEPSUMBR | DIVISIONB | METROBR | MICROBR | MSABR | MSANAMB | NAMEBR | NECNAMB | NECTABR | PLACENUM | SIMS_ACQUIRED_DATE | SIMS_DESCRIPTION | SIMS_ESTABLISHED_DATE | SIMS_LATITUDE | SIMS_LONGITUDE | SIMS_PROJECTION | STCNTYBR | STNAMEBR | STNUMBR | USA | ZIPBR | CITYHCR | HCTMULT | NAMEHCR | RSSDHCR | STALPHCR,YEAR,YEAR | UNINUMBR | ASSET | UNIT | SIMS_ACQUIRED_DATE | SIMS_ESTABLISHED_DATE | SIMS_LATITUDE
SOD_CustomDownload_ALL_2022_06_30.csv,C:\Users\LinDengdeng\Desktop\ai project\SOD_CustomDownload_ALL_2022_06_30.csv,ok,79,YEAR | CERT | NAMEFULL | ADDRESBR | BRNUM | UNINUMBR | STALPBR | ADDRESS | ASSET | BKCLASS | CALL | CHARTER | CHRTAGNN | CHRTAGNT | CITY | CLCODE | CNTRYNA | DENOVO | DEPDOM | DEPSUM | DOCKET | ESCROW | FDICDBS | FDICNAME | FED | FEDNAME | INSAGNT1 | INSBRDD | INSBRTS | INSURED | OCCDIST | OCCNAME | REGAGNT | RSSDID | SPECDESC | SPECGRP | STALP | STCNTY | STNAME | UNIT | ZIP | BKMO | BRCENM | BRSERTYP | CBSA_DIV_NAMB | CITY2BR | CITYBR | CNTRYNAB | CNTYNAMB | CNTYNUMB | CONSOLD | CSABR | CSANAMBR | DEPSUMBR | DIVISIONB | METROBR | MICROBR | MSABR | MSANAMB | NAMEBR | NECNAMB | NECTABR | PLACENUM | SIMS_ACQUIRED_DATE | SIMS_DESCRIPTION | SIMS_ESTABLISHED_DATE | SIMS_LATITUDE | SIMS_LONGITUDE | SIMS_PROJECTION | STCNTYBR | STNAMEBR | STNUMBR | USA | ZIPBR | CITYHCR | HCTMULT | NAMEHCR | RSSDHCR | STALPHCR,YEAR,YEAR | UNINUMBR | ASSET | UNIT | SIMS_ACQUIRED_DATE | SIMS_ESTABLISHED_DATE | SIMS_LATITUDE
SOD_CustomDownload_ALL_2023_06_30.csv,C:\Users\LinDengdeng\Desktop\ai project\SOD_CustomDownload_ALL_2023_06_30.csv,ok,79,YEAR | CERT | NAMEFULL | ADDRESBR | BRNUM | UNINUMBR | STALPBR | ADDRESS | ASSET | BKCLASS | CALL | CHARTER | CHRTAGNN | CHRTAGNT | CITY | CLCODE | CNTRYNA | DENOVO | DEPDOM | DEPSUM | DOCKET | ESCROW | FDICDBS | FDICNAME | FED | FEDNAME | INSAGNT1 | INSBRDD | INSBRTS | INSURED | OCCDIST | OCCNAME | REGAGNT | RSSDID | SPECDESC | SPECGRP | STALP | STCNTY | STNAME | UNIT | ZIP | BKMO | BRCENM | BRSERTYP | CBSA_DIV_NAMB | CITY2BR | CITYBR | CNTRYNAB | CNTYNAMB | CNTYNUMB | CONSOLD | CSABR | CSANAMBR | DEPSUMBR | DIVISIONB | METROBR | MICROBR | MSABR | MSANAMB | NAMEBR | NECNAMB | NECTABR | PLACENUM | SIMS_ACQUIRED_DATE | SIMS_DESCRIPTION | SIMS_ESTABLISHED_DATE | SIMS_LATITUDE | SIMS_LONGITUDE | SIMS_PROJECTION | STCNTYBR | STNAMEBR | STNUMBR | USA | ZIPBR | CITYHCR | HCTMULT | NAMEHCR | RSSDHCR | STALPHCR,YEAR,YEAR | UNINUMBR | ASSET | UNIT | SIMS_ACQUIRED_DATE | SIMS_ESTABLISHED_DATE | SIMS_LATITUDE
SOD_CustomDownload_ALL_2024_06_30.csv,C:\Users\LinDengdeng\Desktop\ai project\SOD_CustomDownload_ALL_2024_06_30.csv,ok,79,YEAR | CERT | NAMEFULL | ADDRESBR | BRNUM | UNINUMBR | STALPBR | ADDRESS | ASSET | BKCLASS | CALL | CHARTER | CHRTAGNN | CHRTAGNT | CITY | CLCODE | CNTRYNA | DENOVO | DEPDOM | DEPSUM | DOCKET | ESCROW | FDICDBS | FDICNAME | FED | FEDNAME | INSAGNT1 | INSBRDD | INSBRTS | INSURED | OCCDIST | OCCNAME | REGAGNT | RSSDID | SPECDESC | SPECGRP | STALP | STCNTY | STNAME | UNIT | ZIP | BKMO | BRCENM | BRSERTYP | CBSA_DIV_NAMB | CITY2BR | CITYBR | CNTRYNAB | CNTYNAMB | CNTYNUMB | CONSOLD | CSABR | CSANAMBR | DEPSUMBR | DIVISIONB | METROBR | MICROBR | MSABR | MSANAMB | NAMEBR | NECNAMB | NECTABR | PLACENUM | SIMS_ACQUIRED_DATE | SIMS_DESCRIPTION | SIMS_ESTABLISHED_DATE | SIMS_LATITUDE | SIMS_LONGITUDE | SIMS_PROJECTION | STCNTYBR | STNAMEBR | STNUMBR | USA | ZIPBR | CITYHCR | HCTMULT | NAMEHCR | RSSDHCR | STALPHCR,YEAR,YEAR | UNINUMBR | ASSET | UNIT | SIMS_ACQUIRED_DATE | SIMS_ESTABLISHED_DATE | SIMS_LATITUDE
SOD_CustomDownload_ALL_2025_06_30.csv,C:\Users\LinDengdeng\Desktop\ai project\SOD_CustomDownload_ALL_2025_06_30.csv,ok,79,YEAR | CERT | NAMEFULL | ADDRESBR | BRNUM | UNINUMBR | STALPBR | ADDRESS | ASSET | BKCLASS | CALL | CHARTER | CHRTAGNN | CHRTAGNT | CITY | CLCODE | CNTRYNA | DENOVO | DEPDOM | DEPSUM | DOCKET | ESCROW | FDICDBS | FDICNAME | FED | FEDNAME | INSAGNT1 | INSBRDD | INSBRTS | INSURED | OCCDIST | OCCNAME | REGAGNT | RSSDID | SPECDESC | SPECGRP | STALP | STCNTY | STNAME | UNIT | ZIP | BKMO | BRCENM | BRSERTYP | CBSA_DIV_NAMB | CITY2BR | CITYBR | CNTRYNAB | CNTYNAMB | CNTYNUMB | CONSOLD | CSABR | CSANAMBR | DEPSUMBR | DIVISIONB | METROBR | MICROBR | MSABR | MSANAMB | NAMEBR | NECNAMB | NECTABR | PLACENUM | SIMS_ACQUIRED_DATE | SIMS_DESCRIPTION | SIMS_ESTABLISHED_DATE | SIMS_LATITUDE | SIMS_LONGITUDE | SIMS_PROJECTION | STCNTYBR | STNAMEBR | STNUMBR | USA | ZIPBR | CITYHCR | HCTMULT | NAMEHCR | RSSDHCR | STALPHCR,YEAR,YEAR | UNINUMBR | ASSET | UNIT | SIMS_ACQUIRED_DATE | SIMS_ESTABLISHED_DATE | SIMS_LATITUDE
sod_summary_by_year.csv,C:\Users\LinDengdeng\Desktop\ai project\sod_summary_by_year.csv,ok,11,YEAR | n_rows | n_branches | n_banks | total_branch_deposits | avg_branch_deposits | median_branch_deposits | total_bank_assets | total_bank_deposits | avg_bank_assets | median_bank_assets,YEAR,YEAR | total_branch_deposits | avg_branch_deposits | median_branch_deposits | total_bank_assets | total_bank_deposits | avg_bank_assets | median_bank_assets
stock_firm_crosswalk_coverage.csv,C:\Users\LinDengdeng\Desktop\ai project\stock_firm_crosswalk_coverage.csv,ok,11,GVKEY | tic | first_fyearq | last_fyearq | n_quarters | sic | PERMCO | RSSDID | RSSDHCR | FRB_NAME | FRB_INST_TYPE,GVKEY | tic,GVKEY | tic | first_fyearq | last_fyearq
stock_stats_with_hcr_covid_exposure.csv,C:\Users\LinDengdeng\Desktop\ai project\stock_stats_with_hcr_covid_exposure.csv,ok,71,GVKEY | datadate | fyearq | fqtr | indfmt | consol | popsrc | datafmt | tic | curcdq | datacqtr | datafqtr | atq | cshoq | niq | costat | prccq | sic | YEAR | CONM | TIC | CUSIP | CIK | SIC | NAICS | PERMCO | PERMNO | LPERMCO | LPERMNO | LINKDT | LINKENDDT | LINKTYPE | LINKPRIM | RSSDID | RSSDHCR | FRB_NAME | FRB_INST_TYPE | RSSD_START_DATE | RSSD_END_DATE | LINK_OVERLAP | LINK_OVERLAP_FLAG | NAMEHCR | n_base_branches_hcr | n_base_bank_subsidiaries | base_total_branch_deposits_hcr | hcr_exp_avg_cases_per_100k_deposit_w | hcr_exp_avg_cases_per_100k_equal_w | hcr_exp_max_cases_per_100k_deposit_w | hcr_exp_max_cases_per_100k_equal_w | hcr_exp_avg_deaths_per_100k_deposit_w | hcr_exp_avg_deaths_per_100k_equal_w | hcr_exp_max_deaths_per_100k_deposit_w | hcr_exp_max_deaths_per_100k_equal_w | hcr_exp_covid_health_shock_deposit_w | hcr_exp_covid_health_shock_equal_w | hcr_exp_covid_health_shock_peak_deposit_w | hcr_exp_covid_health_shock_peak_equal_w | hcr_exp_covid_case_shock_deposit_w | hcr_exp_covid_case_shock_equal_w | hcr_exp_covid_policy_shock_deposit_w | hcr_exp_covid_policy_shock_equal_w | hcr_exp_covid_policy_shock_containment_deposit_w | hcr_exp_covid_policy_shock_containment_equal_w | hcr_exp_covid_policy_shock_government_response_deposit_w | hcr_exp_covid_policy_shock_government_response_equal_w | covid_health_exposure_main_hcr | covid_case_exposure_main_hcr | covid_policy_exposure_main_hcr | covid_overall_exposure_main_hcr | mktcap_q | roa_q,GVKEY | datadate | tic | YEAR | TIC | CIK,GVKEY | datadate | fyearq | datafmt | tic | datacqtr | datafqtr | atq | niq | costat | YEAR | TIC | CIK | RSSD_START_DATE | RSSD_END_DATE | base_total_branch_deposits_hcr | hcr_exp_avg_cases_per_100k_deposit_w | hcr_exp_avg_cases_per_100k_equal_w | hcr_exp_max_cases_per_100k_deposit_w | hcr_exp_max_cases_per_100k_equal_w | hcr_exp_avg_deaths_per_100k_deposit_w | hcr_exp_avg_deaths_per_100k_equal_w | hcr_exp_max_deaths_per_100k_deposit_w | hcr_exp_max_deaths_per_100k_equal_w | hcr_exp_covid_health_shock_deposit_w | hcr_exp_covid_health_shock_equal_w | hcr_exp_covid_health_shock_peak_deposit_w | hcr_exp_covid_health_shock_peak_equal_w | hcr_exp_covid_case_shock_deposit_w | hcr_exp_covid_case_shock_equal_w | hcr_exp_covid_policy_shock_deposit_w | hcr_exp_covid_policy_shock_equal_w | hcr_exp_covid_policy_shock_containment_deposit_w | hcr_exp_covid_policy_shock_containment_equal_w | hcr_exp_covid_policy_shock_government_response_deposit_w | hcr_exp_covid_policy_shock_government_response_equal_w | covid_health_exposure_main_hcr | covid_case_exposure_main_hcr | covid_policy_exposure_main_hcr | covid_overall_exposure_main_hcr | roa_q
stock_stats_with_hcr_covid_exposure_time_aware.csv,C:\Users\LinDengdeng\Desktop\ai project\stock_stats_with_hcr_covid_exposure_time_aware.csv,ok,82,_stock_row_id | GVKEY | datadate | fyearq | fqtr | indfmt | consol | popsrc | datafmt | tic | curcdq | datacqtr | datafqtr | atq | cshoq | niq | costat | prccq | sic | YEAR | CONM | TIC | CUSIP | CIK | SIC | NAICS | PERMCO | PERMNO | LPERMCO | LPERMNO | LINKDT | LINKENDDT | LINKTYPE | LINKPRIM | RSSDID | RSSDHCR | FRB_NAME | FRB_INST_TYPE | RSSD_START_DATE | RSSD_END_DATE | LINK_OVERLAP | LINKDT_FILLED | LINKENDDT_FILLED | RSSD_START_DATE_FILLED | RSSD_END_DATE_FILLED | active_ccm_link | active_rssd_link | active_both_links | link_priority | linkprim_priority | NAMEHCR | n_base_branches_hcr | n_base_bank_subsidiaries | base_total_branch_deposits_hcr | hcr_exp_avg_cases_per_100k_deposit_w | hcr_exp_avg_cases_per_100k_equal_w | hcr_exp_max_cases_per_100k_deposit_w | hcr_exp_max_cases_per_100k_equal_w | hcr_exp_avg_deaths_per_100k_deposit_w | hcr_exp_avg_deaths_per_100k_equal_w | hcr_exp_max_deaths_per_100k_deposit_w | hcr_exp_max_deaths_per_100k_equal_w | hcr_exp_covid_health_shock_deposit_w | hcr_exp_covid_health_shock_equal_w | hcr_exp_covid_health_shock_peak_deposit_w | hcr_exp_covid_health_shock_peak_equal_w | hcr_exp_covid_case_shock_deposit_w | hcr_exp_covid_case_shock_equal_w | hcr_exp_covid_policy_shock_deposit_w | hcr_exp_covid_policy_shock_equal_w | hcr_exp_covid_policy_shock_containment_deposit_w | hcr_exp_covid_policy_shock_containment_equal_w | hcr_exp_covid_policy_shock_government_response_deposit_w | hcr_exp_covid_policy_shock_government_response_equal_w | covid_health_exposure_main_hcr | covid_case_exposure_main_hcr | covid_policy_exposure_main_hcr | covid_overall_exposure_main_hcr | mktcap_q | roa_q,GVKEY | datadate | tic | YEAR | TIC | CIK,GVKEY | datadate | fyearq | datafmt | tic | datacqtr | datafqtr | atq | niq | costat | YEAR | TIC | CIK | RSSD_START_DATE | RSSD_END_DATE | RSSD_START_DATE_FILLED | RSSD_END_DATE_FILLED | base_total_branch_deposits_hcr | hcr_exp_avg_cases_per_100k_deposit_w | hcr_exp_avg_cases_per_100k_equal_w | hcr_exp_max_cases_per_100k_deposit_w | hcr_exp_max_cases_per_100k_equal_w | hcr_exp_avg_deaths_per_100k_deposit_w | hcr_exp_avg_deaths_per_100k_equal_w | hcr_exp_max_deaths_per_100k_deposit_w | hcr_exp_max_deaths_per_100k_equal_w | hcr_exp_covid_health_shock_deposit_w | hcr_exp_covid_health_shock_equal_w | hcr_exp_covid_health_shock_peak_deposit_w | hcr_exp_covid_health_shock_peak_equal_w | hcr_exp_covid_case_shock_deposit_w | hcr_exp_covid_case_shock_equal_w | hcr_exp_covid_policy_shock_deposit_w | hcr_exp_covid_policy_shock_equal_w | hcr_exp_covid_policy_shock_containment_deposit_w | hcr_exp_covid_policy_shock_containment_equal_w | hcr_exp_covid_policy_shock_government_response_deposit_w | hcr_exp_covid_policy_shock_government_response_equal_w | covid_health_exposure_main_hcr | covid_case_exposure_main_hcr | covid_policy_exposure_main_hcr | covid_overall_exposure_main_hcr | roa_q | log_assets_q
zero_ai_10k_spotcheck_v1_2.csv,C:\Users\LinDengdeng\Desktop\ai project\zero_ai_10k_spotcheck_v1_2.csv,ok,11,file_name | cik | form | filing_date | fiscal_year | has_digital_evidence | evidence_char_len | combined_input_char_len | DigitalRelevance | Confidence | Explanation,cik,cik | filing_date | fiscal_year | Explanation
